"TEMP_chronid","ndb.chronologies.chronologyid","ndb.chronologies.collectionunitid","ndb.chronologies.agemodel","ndb.chronologies.ageboundolder","ndb.chronologies.ageboundyounger","ndb.chronologies.dateprepared","ndb.chronologies.notes","ndb.chronologies.agetypeid","ndb.chronologies.contactid","ndb.chronologies.isdefault","ndb.chronologies.chronologyname"
"TEMP1",46959,4414,"bounds",15214,12804,45678,NA,3,6539,FALSE,"Syverson-Blois"
"TEMP2",46960,4414,"event",14394,13604,45678,NA,3,6539,FALSE,"Syverson-Blois"
"TEMP3",46961,4415,"bounds",14584,8194,45678,NA,3,6539,FALSE,"Syverson-Blois"
"TEMP4",46962,4415,"event",12684,10314,45678,NA,3,6539,FALSE,"Syverson-Blois"
"TEMP5",46963,4416,"bounds",13704,9624,45678,NA,3,6539,FALSE,"Syverson-Blois"
"TEMP6",46964,4416,"event",12354,10974,45678,NA,3,6539,FALSE,"Syverson-Blois"
"TEMP7",46965,4417,"bounds",22424,6804,45683,NA,3,6539,FALSE,"Syverson-Blois"
"TEMP8",46966,4417,"event",22472,6767,45683,NA,3,6539,FALSE,"Syverson-Blois"
"TEMP9",46967,4419,"bounds",15594,5204,45683,NA,3,6539,FALSE,"Syverson-Blois"
"TEMP10",46968,4419,"event",14694,6704,45683,NA,3,6539,FALSE,"Syverson-Blois"
"TEMP11",46969,4420,"bounds",1004,104,45678,NA,3,6539,FALSE,"Syverson-Blois"
"TEMP12",46970,4420,"event",684,414,45678,NA,3,6539,FALSE,"Syverson-Blois"
"TEMP13",46971,4421,"bounds",684,524,45678,NA,3,6539,FALSE,"Syverson-Blois"
"TEMP14",46972,4421,"event",644,564,45678,NA,3,6539,FALSE,"Syverson-Blois"
"TEMP15",46973,4422,"bounds",664,544,45678,NA,3,6539,FALSE,"Syverson-Blois"
"TEMP16",46974,4422,"event",634,584,45678,NA,3,6539,FALSE,"Syverson-Blois"
"TEMP17",46975,4423,"bounds",3064,234,45678,NA,3,6539,FALSE,"Syverson-Blois"
"TEMP18",46976,4423,"event",2184,1114,45678,NA,3,6539,FALSE,"Syverson-Blois"
"TEMP19",46977,4424,"bounds",10694,9484,45678,NA,3,6539,FALSE,"Syverson-Blois"
"TEMP20",46978,4424,"event",10284,9904,45678,NA,3,6539,FALSE,"Syverson-Blois"
"TEMP21",46979,4425,"bounds",8000,0,45683,NA,3,6539,FALSE,"Syverson-Blois"
"TEMP22",46980,4425,"event",8000,0,45683,NA,3,6539,FALSE,"Syverson-Blois"
"TEMP23",46981,4426,"bounds",16694,-75,45683,"younger age limits truncated at publication date (2025 CE)",3,6539,FALSE,"Syverson-Blois"
"TEMP24",46982,4426,"event",15574,64,45683,NA,3,6539,FALSE,"Syverson-Blois"
"TEMP25",46983,4427,"bounds",22472,6767,45683,NA,3,6539,FALSE,"Syverson-Blois"
"TEMP26",46984,4427,"event",19797,9582,45683,NA,3,6539,FALSE,"Syverson-Blois"
"TEMP27",46985,4430,"bounds",40754,-75,45683,"younger age limits truncated at publication date (2025 CE)",3,6539,FALSE,"Syverson-Blois"
"TEMP28",46986,4430,"event",27514,7264,45683,NA,3,6539,FALSE,"Syverson-Blois"
"TEMP29",46987,4431,"bounds",46984,-75,45678,"younger age limits truncated at publication date (2025 CE)",3,6539,FALSE,"Syverson-Blois"
"TEMP30",46988,4431,"event",30954,10264,45678,NA,3,6539,FALSE,"Syverson-Blois"
"TEMP31",46989,4432,"bounds",45500,-75,45683,"younger age limits truncated at publication date (2025 CE)",3,6539,FALSE,"Syverson-Blois"
"TEMP32",46990,4432,"event",30900,5900,45683,NA,3,6539,FALSE,"Syverson-Blois"
"TEMP33",46991,4433,"bounds",32484,9084,45683,NA,3,6539,FALSE,"Syverson-Blois"
"TEMP34",46992,4433,"event",25114,16414,45683,NA,3,6539,FALSE,"Syverson-Blois"
"TEMP35",46993,4435,"bounds",15754,12964,45678,NA,3,6539,FALSE,"Syverson-Blois"
"TEMP36",46994,4435,"event",14854,13874,45678,NA,3,6539,FALSE,"Syverson-Blois"
"TEMP37",46995,4437,"bounds",15044,10014,45683,NA,3,6539,FALSE,"Syverson-Blois"
"TEMP38",46996,4437,"event",14014,11404,45683,NA,3,6539,FALSE,"Syverson-Blois"
"TEMP39",46997,4438,"bounds",4424,1,45683,NA,3,6539,FALSE,"Syverson-Blois"
"TEMP40",46998,4438,"event",4014,1,45683,NA,3,6539,FALSE,"Syverson-Blois"
"TEMP41",46999,4439,"bounds",16654,12424,45678,NA,3,6539,FALSE,"Syverson-Blois"
"TEMP42",47000,4439,"event",15234,13814,45678,NA,3,6539,FALSE,"Syverson-Blois"
"TEMP43",47001,4440,"bounds",24000,9004,45678,NA,3,6539,FALSE,"Syverson-Blois"
"TEMP44",47002,4440,"event",24000,10000,45678,NA,3,6539,FALSE,"Syverson-Blois"
"TEMP45",47003,4441,"bounds",35000,5324,45678,NA,3,6539,FALSE,"Syverson-Blois"
"TEMP46",47004,4441,"event",35000,6164,45678,NA,3,6539,FALSE,"Syverson-Blois"
"TEMP47",47005,4442,"bounds",31600,2900,45769,NA,3,6539,FALSE,"Syverson-Blois"
"TEMP48",47006,4442,"event",27700,3300,45769,NA,3,6539,FALSE,"Syverson-Blois"
"TEMP49",47007,4443,"bounds",1300,754,45678,NA,3,6539,FALSE,"Syverson-Blois"
"TEMP50",47008,4443,"event",1300,844,45678,NA,3,6539,FALSE,"Syverson-Blois"
"TEMP51",47009,4445,"bounds",1054,114,45683,NA,3,6539,FALSE,"Syverson-Blois"
"TEMP52",47010,4445,"event",904,444,45683,NA,3,6539,FALSE,"Syverson-Blois"
"TEMP53",47011,4446,"bounds",15500,9200,45678,NA,3,6539,FALSE,"Syverson-Blois"
"TEMP54",47012,4446,"event",13500,11100,45678,NA,3,6539,FALSE,"Syverson-Blois"
"TEMP55",47013,4447,"bounds",28462,26497,45678,NA,3,6539,FALSE,"Syverson-Blois"
"TEMP56",47014,4447,"event",27777,27187,45678,NA,3,6539,FALSE,"Syverson-Blois"
"TEMP57",47015,4448,"bounds",16344,3034,45683,NA,3,6539,FALSE,"Syverson-Blois"
"TEMP58",47016,4448,"event",14094,7154,45683,NA,3,6539,FALSE,"Syverson-Blois"
"TEMP59",47017,4449,"bounds",17794,12874,45678,NA,3,6539,FALSE,"Syverson-Blois"
"TEMP60",47018,4449,"event",16244,14404,45678,NA,3,6539,FALSE,"Syverson-Blois"
"TEMP61",47019,4450,"bounds",36894,950,45683,NA,3,6539,FALSE,"Syverson-Blois"
"TEMP62",47020,4450,"event",29354,950,45683,NA,3,6539,FALSE,"Syverson-Blois"
"TEMP63",47021,4454,"bounds",14064,11227,45683,NA,3,6539,FALSE,"Syverson-Blois"
"TEMP64",47022,4454,"event",13224,11802,45683,NA,3,6539,FALSE,"Syverson-Blois"
"TEMP65",47023,4455,"bounds",31384,25544,45678,NA,3,6539,FALSE,"Syverson-Blois"
"TEMP66",47024,4455,"event",29494,27424,45678,NA,3,6539,FALSE,"Syverson-Blois"
"TEMP67",47025,4456,"bounds",42600,2200,45678,NA,3,6539,FALSE,"Syverson-Blois"
"TEMP68",47026,4456,"event",30000,14500,45678,NA,3,6539,FALSE,"Syverson-Blois"
"TEMP69",47027,4457,"bounds",23024,-75,45683,"younger age limits truncated at publication date (2025 CE)",3,6539,FALSE,"Syverson-Blois"
"TEMP70",47028,4457,"event",19864,1174,45683,NA,3,6539,FALSE,"Syverson-Blois"
"TEMP71",47029,4458,"bounds",32564,12384,45678,NA,3,6539,FALSE,"Syverson-Blois"
"TEMP72",47030,4458,"event",26464,18484,45678,NA,3,6539,FALSE,"Syverson-Blois"
"TEMP73",47031,4460,"bounds",23794,16564,45678,NA,3,6539,FALSE,"Syverson-Blois"
"TEMP74",47032,4460,"event",21324,18884,45678,NA,3,6539,FALSE,"Syverson-Blois"
"TEMP75",47033,4461,"bounds",24084,16334,45678,NA,3,6539,FALSE,"Syverson-Blois"
"TEMP76",47034,4461,"event",21454,18844,45678,NA,3,6539,FALSE,"Syverson-Blois"
"TEMP77",47035,4463,"bounds",2714,314,45683,NA,3,6539,FALSE,"Syverson-Blois"
"TEMP78",47036,4463,"event",2697,594,45683,NA,3,6539,FALSE,"Syverson-Blois"
"TEMP79",47037,4465,"bounds",854,364,45678,NA,3,6539,FALSE,"Syverson-Blois"
"TEMP80",47038,4465,"event",684,524,45678,NA,3,6539,FALSE,"Syverson-Blois"
"TEMP81",47039,4468,"bounds",834,424,45678,NA,3,6539,FALSE,"Syverson-Blois"
"TEMP82",47040,4468,"event",694,564,45678,NA,3,6539,FALSE,"Syverson-Blois"
"TEMP83",47041,4470,"bounds",11084,1,45683,NA,3,6539,FALSE,"Syverson-Blois"
"TEMP84",47042,4470,"event",10834,1,45683,NA,3,6539,FALSE,"Syverson-Blois"
"TEMP85",47043,4471,"bounds",12464,-75,45683,"younger age limits truncated at publication date (2025 CE)",3,6539,FALSE,"Syverson-Blois"
"TEMP86",47044,4471,"event",11044,834,45683,NA,3,6539,FALSE,"Syverson-Blois"
"TEMP87",47045,4472,"bounds",15484,324,45683,NA,3,6539,FALSE,"Syverson-Blois"
"TEMP88",47046,4472,"event",14214,1014,45683,NA,3,6539,FALSE,"Syverson-Blois"
"TEMP89",47047,4476,"bounds",1834,474,45678,NA,3,6539,FALSE,"Syverson-Blois"
"TEMP90",47048,4476,"event",1364,934,45678,NA,3,6539,FALSE,"Syverson-Blois"
"TEMP91",47049,4481,"bounds",38300,17900,45678,NA,3,6539,FALSE,"Syverson-Blois"
"TEMP92",47050,4481,"event",32000,24000,45678,NA,3,6539,FALSE,"Syverson-Blois"
"TEMP93",47051,4483,"bounds",25000,18800,45678,NA,3,6539,FALSE,"Syverson-Blois"
"TEMP94",47052,4483,"event",23300,20700,45678,NA,3,6539,FALSE,"Syverson-Blois"
"TEMP95",47053,4484,"bounds",65000,-75,45683,"younger age limits truncated at publication date (2025 CE)",3,6539,FALSE,"Syverson-Blois"
"TEMP96",47054,4484,"event",65000,0,45683,NA,3,6539,FALSE,"Syverson-Blois"
"TEMP97",47055,4488,"bounds",8974,8244,45678,NA,3,6539,FALSE,"Syverson-Blois"
"TEMP98",47056,4488,"event",8724,8494,45678,NA,3,6539,FALSE,"Syverson-Blois"
"TEMP99",47057,4490,"bounds",35000,0,45683,NA,3,6539,FALSE,"Syverson-Blois"
"TEMP100",47058,4490,"event",35000,0,45683,NA,3,6539,FALSE,"Syverson-Blois"
"TEMP101",NA,4491,"bounds",48497,22772,45683,NA,3,6539,FALSE,"Syverson-Blois"
"TEMP102",NA,4491,"event",41347,26197,45683,NA,3,6539,FALSE,"Syverson-Blois"
"TEMP103",NA,4492,"bounds",21444,3464,45678,NA,3,6539,FALSE,"Syverson-Blois"
"TEMP104",NA,4492,"event",15854,9104,45678,NA,3,6539,FALSE,"Syverson-Blois"
"TEMP105",NA,4493,"bounds",18094,1934,45683,NA,3,6539,FALSE,"Syverson-Blois"
"TEMP106",NA,4493,"event",17374,2764,45683,NA,3,6539,FALSE,"Syverson-Blois"
"TEMP107",NA,4494,"bounds",5404,2694,45678,NA,3,6539,FALSE,"Syverson-Blois"
"TEMP108",NA,4494,"event",4574,3524,45678,NA,3,6539,FALSE,"Syverson-Blois"
"TEMP109",NA,4497,"bounds",12594,9084,45678,NA,3,6539,FALSE,"Syverson-Blois"
"TEMP110",NA,4497,"event",11484,10214,45678,NA,3,6539,FALSE,"Syverson-Blois"
"TEMP111",NA,4498,"bounds",36494,11024,45683,NA,3,6539,FALSE,"Syverson-Blois"
"TEMP112",NA,4498,"event",32904,13124,45683,NA,3,6539,FALSE,"Syverson-Blois"
"TEMP113",NA,4499,"bounds",1084,104,45678,NA,3,6539,FALSE,"Syverson-Blois"
"TEMP114",NA,4499,"event",734,454,45678,NA,3,6539,FALSE,"Syverson-Blois"
"TEMP115",NA,4500,"bounds",1244,334,45678,NA,3,6539,FALSE,"Syverson-Blois"
"TEMP116",NA,4500,"event",934,644,45678,NA,3,6539,FALSE,"Syverson-Blois"
"TEMP117",NA,4501,"bounds",1084,-75,45678,"younger age limits truncated at publication date (2025 CE)",3,6539,FALSE,"Syverson-Blois"
"TEMP118",NA,4501,"event",654,244,45678,NA,3,6539,FALSE,"Syverson-Blois"
"TEMP119",NA,4503,"bounds",6934,2274,45678,NA,3,6539,FALSE,"Syverson-Blois"
"TEMP120",NA,4503,"event",5344,3854,45678,NA,3,6539,FALSE,"Syverson-Blois"
"TEMP121",NA,4504,"bounds",14800,-75,45683,NA,3,6539,FALSE,"Syverson-Blois"
"TEMP122",NA,4504,"event",14800,0,45683,NA,3,6539,FALSE,"Syverson-Blois"
"TEMP123",NA,4505,"bounds",30300,-75,45683,"younger age limits truncated at publication date (2025 CE)",3,6539,FALSE,"Syverson-Blois"
"TEMP124",NA,4505,"event",27300,0,45683,NA,3,6539,FALSE,"Syverson-Blois"
"TEMP125",NA,4514,"bounds",2294,484,45678,NA,3,6539,FALSE,"Syverson-Blois"
"TEMP126",NA,4514,"event",1714,1104,45678,NA,3,6539,FALSE,"Syverson-Blois"
"TEMP127",NA,4520,"bounds",814,664,45678,NA,3,6539,FALSE,"Syverson-Blois"
"TEMP128",NA,4520,"event",764,724,45678,NA,3,6539,FALSE,"Syverson-Blois"
"TEMP129",NA,4523,"bounds",954,414,45678,NA,3,6539,FALSE,"Syverson-Blois"
"TEMP130",NA,4523,"event",764,594,45678,NA,3,6539,FALSE,"Syverson-Blois"
"TEMP131",NA,4525,"bounds",1594,454,45678,NA,3,6539,FALSE,"Syverson-Blois"
"TEMP132",NA,4525,"event",1244,794,45678,NA,3,6539,FALSE,"Syverson-Blois"
"TEMP133",NA,4529,"bounds",7084,4254,45678,NA,3,6539,FALSE,"Syverson-Blois"
"TEMP134",NA,4529,"event",6134,5204,45678,NA,3,6539,FALSE,"Syverson-Blois"
"TEMP135",NA,4531,"bounds",634,104,45678,NA,3,6539,FALSE,"Syverson-Blois"
"TEMP136",NA,4531,"event",474,294,45678,NA,3,6539,FALSE,"Syverson-Blois"
"TEMP137",NA,4533,"bounds",5334,784,45678,NA,3,6539,FALSE,"Syverson-Blois"
"TEMP138",NA,4533,"event",3954,2164,45678,NA,3,6539,FALSE,"Syverson-Blois"
"TEMP139",NA,4535,"bounds",844,624,45678,NA,3,6539,FALSE,"Syverson-Blois"
"TEMP140",NA,4535,"event",764,694,45678,NA,3,6539,FALSE,"Syverson-Blois"
"TEMP141",NA,4536,"bounds",1714,-46,45683,NA,3,6539,FALSE,"Syverson-Blois"
"TEMP142",NA,4536,"event",1284,350,45683,NA,3,6539,FALSE,"Syverson-Blois"
"TEMP143",NA,4537,"bounds",754,-75,45678,"younger age limits truncated at publication date (2025 CE)",3,6539,FALSE,"Syverson-Blois"
"TEMP144",NA,4537,"event",484,184,45678,NA,3,6539,FALSE,"Syverson-Blois"
"TEMP145",NA,4538,"bounds",1244,844,45678,NA,3,6539,FALSE,"Syverson-Blois"
"TEMP146",NA,4538,"event",1124,964,45678,NA,3,6539,FALSE,"Syverson-Blois"
"TEMP147",NA,4539,"bounds",37144,1,45683,NA,3,6539,FALSE,"Syverson-Blois"
"TEMP148",NA,4539,"event",34544,1,45683,NA,3,6539,FALSE,"Syverson-Blois"
"TEMP149",NA,4540,"bounds",42854,6054,45678,NA,3,6539,FALSE,"Syverson-Blois"
"TEMP150",NA,4540,"event",31654,17254,45678,NA,3,6539,FALSE,"Syverson-Blois"
"TEMP151",NA,4541,"bounds",18777,11442,45683,NA,3,6539,FALSE,"Syverson-Blois"
"TEMP152",NA,4541,"event",17507,12472,45683,NA,3,6539,FALSE,"Syverson-Blois"
"TEMP153",NA,4542,"bounds",26000,414,45683,NA,3,6539,FALSE,"Syverson-Blois"
"TEMP154",NA,4542,"event",26000,654,45683,NA,3,6539,FALSE,"Syverson-Blois"
"TEMP155",NA,4544,"bounds",6074,2964,45683,NA,3,6539,FALSE,"Syverson-Blois"
"TEMP156",NA,4544,"event",5464,3484,45683,NA,3,6539,FALSE,"Syverson-Blois"
"TEMP157",NA,4553,"bounds",14834,1124,45683,NA,3,6539,FALSE,"Syverson-Blois"
"TEMP158",NA,4553,"event",14334,1352,45683,NA,3,6539,FALSE,"Syverson-Blois"
"TEMP159",NA,4564,"bounds",11654,10804,45678,NA,3,6539,FALSE,"Syverson-Blois"
"TEMP160",NA,4564,"event",11414,11094,45678,NA,3,6539,FALSE,"Syverson-Blois"
"TEMP161",NA,4565,"bounds",23464,17444,45678,NA,3,6539,FALSE,"Syverson-Blois"
"TEMP162",NA,4565,"event",21454,19454,45678,NA,3,6539,FALSE,"Syverson-Blois"
"TEMP163",NA,4566,"bounds",57700,19800,45678,NA,3,6539,FALSE,"Syverson-Blois"
"TEMP164",NA,4566,"event",45700,31400,45678,NA,3,6539,FALSE,"Syverson-Blois"
"TEMP165",NA,4567,"bounds",14994,8754,45678,NA,3,6539,FALSE,"Syverson-Blois"
"TEMP166",NA,4567,"event",12984,10764,45678,NA,3,6539,FALSE,"Syverson-Blois"
"TEMP167",NA,4568,"bounds",5954,3494,45678,NA,3,6539,FALSE,"Syverson-Blois"
"TEMP168",NA,4568,"event",5134,4324,45678,NA,3,6539,FALSE,"Syverson-Blois"
"TEMP169",NA,4570,"bounds",7624,-75,45683,"younger age limits truncated at publication date (2025 CE)",3,6539,FALSE,"Syverson-Blois"
"TEMP170",NA,4570,"event",5274,57,45683,NA,3,6539,FALSE,"Syverson-Blois"
"TEMP171",NA,4571,"bounds",15504,12734,45678,NA,3,6539,FALSE,"Syverson-Blois"
"TEMP172",NA,4571,"event",14594,13654,45678,NA,3,6539,FALSE,"Syverson-Blois"
"TEMP173",NA,4577,"bounds",13354,-75,45678,"younger age limits truncated at publication date (2025 CE)",3,6539,FALSE,"Syverson-Blois"
"TEMP174",NA,4577,"event",9154,3784,45678,NA,3,6539,FALSE,"Syverson-Blois"
"TEMP175",NA,4579,"bounds",20614,7394,45769,NA,3,6539,FALSE,"Syverson-Blois"
"TEMP176",NA,4579,"event",19514,8154,45769,NA,3,6539,FALSE,"Syverson-Blois"
"TEMP177",NA,4582,"bounds",20104,11454,45678,NA,3,6539,FALSE,"Syverson-Blois"
"TEMP178",NA,4582,"event",17194,14314,45678,NA,3,6539,FALSE,"Syverson-Blois"
"TEMP179",NA,4592,"bounds",19434,0,45683,NA,3,6539,FALSE,"Syverson-Blois"
"TEMP180",NA,4592,"event",16064,0,45683,NA,3,6539,FALSE,"Syverson-Blois"
"TEMP181",NA,4593,"bounds",15874,-75,45683,"younger age limits truncated at publication date (2025 CE)",3,6539,FALSE,"Syverson-Blois"
"TEMP182",NA,4593,"event",10784,434,45683,NA,3,6539,FALSE,"Syverson-Blois"
"TEMP183",NA,4594,"bounds",10400,-75,45683,"younger age limits truncated at publication date (2025 CE)",3,6539,FALSE,"Syverson-Blois"
"TEMP184",NA,4594,"event",6300,800,45683,NA,3,6539,FALSE,"Syverson-Blois"
"TEMP185",NA,4595,"bounds",18404,13514,45678,NA,3,6539,FALSE,"Syverson-Blois"
"TEMP186",NA,4595,"event",16894,15044,45678,NA,3,6539,FALSE,"Syverson-Blois"
"TEMP187",NA,4596,"bounds",9674,954,45683,NA,3,6539,FALSE,"Syverson-Blois"
"TEMP188",NA,4596,"event",8604,2534,45683,NA,3,6539,FALSE,"Syverson-Blois"
"TEMP189",NA,4597,"bounds",15714,2984,45683,NA,3,6539,FALSE,"Syverson-Blois"
"TEMP190",NA,4597,"event",12804,3834,45683,NA,3,6539,FALSE,"Syverson-Blois"
"TEMP191",NA,4599,"bounds",11664,1164,45678,NA,3,6539,FALSE,"Syverson-Blois"
"TEMP192",NA,4599,"event",8494,4384,45678,NA,3,6539,FALSE,"Syverson-Blois"
"TEMP193",NA,4600,"bounds",13174,11414,45678,NA,3,6539,FALSE,"Syverson-Blois"
"TEMP194",NA,4600,"event",12594,0,45678,NA,3,6539,FALSE,"Syverson-Blois"
"TEMP195",NA,4602,"bounds",13834,11814,45678,NA,3,6539,FALSE,"Syverson-Blois"
"TEMP196",NA,4602,"event",13134,12504,45678,NA,3,6539,FALSE,"Syverson-Blois"
"TEMP197",NA,4603,"bounds",9324,7794,45678,NA,3,6539,FALSE,"Syverson-Blois"
"TEMP198",NA,4603,"event",8814,8324,45678,NA,3,6539,FALSE,"Syverson-Blois"
"TEMP199",NA,4604,"bounds",13224,1874,45678,NA,3,6539,FALSE,"Syverson-Blois"
"TEMP200",NA,4604,"event",9634,5464,45678,NA,3,6539,FALSE,"Syverson-Blois"
"TEMP201",NA,4605,"bounds",10674,0,45683,NA,3,6539,FALSE,"Syverson-Blois"
"TEMP202",NA,4605,"event",10424,0,45683,NA,3,6539,FALSE,"Syverson-Blois"
"TEMP203",NA,4606,"bounds",18024,5000,45678,NA,3,6539,FALSE,"Syverson-Blois"
"TEMP204",NA,4606,"event",15374,5000,45678,NA,3,6539,FALSE,"Syverson-Blois"
"TEMP205",NA,4607,"bounds",10994,1294,45683,NA,3,6539,FALSE,"Syverson-Blois"
"TEMP206",NA,4607,"event",10524,1604,45683,NA,3,6539,FALSE,"Syverson-Blois"
"TEMP207",NA,4609,"bounds",24254,15204,45678,NA,3,6539,FALSE,"Syverson-Blois"
"TEMP208",NA,4609,"event",21204,18234,45678,NA,3,6539,FALSE,"Syverson-Blois"
"TEMP209",NA,4610,"bounds",3134,1134,45678,NA,3,6539,FALSE,"Syverson-Blois"
"TEMP210",NA,4610,"event",2474,1714,45678,NA,3,6539,FALSE,"Syverson-Blois"
"TEMP211",NA,4611,"bounds",984,484,45678,NA,3,6539,FALSE,"Syverson-Blois"
"TEMP212",NA,4611,"event",804,664,45678,NA,3,6539,FALSE,"Syverson-Blois"
"TEMP213",NA,4613,"bounds",13100,11500,45678,NA,3,6539,FALSE,"Syverson-Blois"
"TEMP214",NA,4613,"event",12700,12100,45678,NA,3,6539,FALSE,"Syverson-Blois"
"TEMP215",NA,4614,"bounds",1854,1404,45678,NA,3,6539,FALSE,"Syverson-Blois"
"TEMP216",NA,4614,"event",1714,1544,45678,NA,3,6539,FALSE,"Syverson-Blois"
"TEMP217",NA,4616,"bounds",494,24,45678,NA,3,6539,FALSE,"Syverson-Blois"
"TEMP218",NA,4616,"event",384,164,45678,NA,3,6539,FALSE,"Syverson-Blois"
"TEMP219",NA,4619,"bounds",14600,9800,45683,NA,3,6539,FALSE,"Syverson-Blois"
"TEMP220",NA,4619,"event",13700,11300,45683,NA,3,6539,FALSE,"Syverson-Blois"
"TEMP221",NA,4620,"bounds",12274,10854,45678,NA,3,6539,FALSE,"Syverson-Blois"
"TEMP222",NA,4620,"event",11854,11284,45678,NA,3,6539,FALSE,"Syverson-Blois"
"TEMP223",NA,4622,"bounds",11824,8554,45678,NA,3,6539,FALSE,"Syverson-Blois"
"TEMP224",NA,4622,"event",10724,9664,45678,NA,3,6539,FALSE,"Syverson-Blois"
"TEMP225",NA,4625,"bounds",13264,12654,45678,NA,3,6539,FALSE,"Syverson-Blois"
"TEMP226",NA,4625,"event",13064,12814,45678,NA,3,6539,FALSE,"Syverson-Blois"
"TEMP227",NA,4627,"bounds",674,334,45678,NA,3,6539,FALSE,"Syverson-Blois"
"TEMP228",NA,4627,"event",584,444,45678,NA,3,6539,FALSE,"Syverson-Blois"
"TEMP229",NA,4628,"bounds",554,14,45678,NA,3,6539,FALSE,"Syverson-Blois"
"TEMP230",NA,4628,"event",414,174,45678,NA,3,6539,FALSE,"Syverson-Blois"
"TEMP231",NA,4632,"bounds",2514,634,45678,NA,3,6539,FALSE,"Syverson-Blois"
"TEMP232",NA,4632,"event",1864,1284,45678,NA,3,6539,FALSE,"Syverson-Blois"
"TEMP233",NA,4637,"bounds",1264,734,45678,NA,3,6539,FALSE,"Syverson-Blois"
"TEMP234",NA,4637,"event",1104,904,45678,NA,3,6539,FALSE,"Syverson-Blois"
"TEMP235",NA,4642,"bounds",13124,10904,45678,NA,3,6539,FALSE,"Syverson-Blois"
"TEMP236",NA,4642,"event",12484,11534,45678,NA,3,6539,FALSE,"Syverson-Blois"
"TEMP237",NA,4646,"bounds",5284,3924,45678,NA,3,6539,FALSE,"Syverson-Blois"
"TEMP238",NA,4646,"event",4794,4314,45678,NA,3,6539,FALSE,"Syverson-Blois"
"TEMP239",NA,4647,"bounds",11344,-75,45678,"younger age limits truncated at publication date (2025 CE)",3,6539,FALSE,"Syverson-Blois"
"TEMP240",NA,4647,"event",7724,3344,45678,NA,3,6539,FALSE,"Syverson-Blois"
"TEMP241",NA,4649,"bounds",8714,7284,45678,NA,3,6539,FALSE,"Syverson-Blois"
"TEMP242",NA,4649,"event",8234,7754,45678,NA,3,6539,FALSE,"Syverson-Blois"
"TEMP243",NA,4652,"bounds",624,-75,45678,"younger age limits truncated at publication date (2025 CE)",3,6539,FALSE,"Syverson-Blois"
"TEMP244",NA,4652,"event",404,134,45678,NA,3,6539,FALSE,"Syverson-Blois"
"TEMP245",NA,4655,"bounds",9754,7554,45678,NA,3,6539,FALSE,"Syverson-Blois"
"TEMP246",NA,4655,"event",9014,8284,45678,NA,3,6539,FALSE,"Syverson-Blois"
"TEMP247",NA,4656,"bounds",1254,1064,45678,NA,3,6539,FALSE,"Syverson-Blois"
"TEMP248",NA,4656,"event",1204,1114,45678,NA,3,6539,FALSE,"Syverson-Blois"
"TEMP249",NA,4657,"bounds",5364,4864,45678,NA,3,6539,FALSE,"Syverson-Blois"
"TEMP250",NA,4657,"event",5234,5004,45678,NA,3,6539,FALSE,"Syverson-Blois"
"TEMP251",NA,4658,"bounds",474,64,45678,NA,3,6539,FALSE,"Syverson-Blois"
"TEMP252",NA,4658,"event",344,194,45678,NA,3,6539,FALSE,"Syverson-Blois"
"TEMP253",NA,4659,"bounds",5714,3684,45678,NA,3,6539,FALSE,"Syverson-Blois"
"TEMP254",NA,4659,"event",5024,4384,45678,NA,3,6539,FALSE,"Syverson-Blois"
"TEMP255",NA,4662,"bounds",3264,2494,45683,NA,3,6539,FALSE,"Syverson-Blois"
"TEMP256",NA,4662,"event",3014,2764,45683,NA,3,6539,FALSE,"Syverson-Blois"
"TEMP257",NA,4664,"bounds",3534,3024,45678,NA,3,6539,FALSE,"Syverson-Blois"
"TEMP258",NA,4664,"event",3384,3194,45678,NA,3,6539,FALSE,"Syverson-Blois"
"TEMP259",NA,4671,"bounds",12100,7300,45683,NA,3,6539,FALSE,"Syverson-Blois"
"TEMP260",NA,4671,"event",11500,8300,45683,NA,3,6539,FALSE,"Syverson-Blois"
"TEMP261",NA,4673,"bounds",2214,894,45683,NA,3,6539,FALSE,"Syverson-Blois"
"TEMP262",NA,4673,"event",1874,1054,45683,NA,3,6539,FALSE,"Syverson-Blois"
"TEMP263",NA,4676,"bounds",1364,784,45678,NA,3,6539,FALSE,"Syverson-Blois"
"TEMP264",NA,4676,"event",1174,974,45678,NA,3,6539,FALSE,"Syverson-Blois"
"TEMP265",NA,4677,"bounds",7044,892,45683,NA,3,6539,FALSE,"Syverson-Blois"
"TEMP266",NA,4677,"event",6074,1227,45683,NA,3,6539,FALSE,"Syverson-Blois"
"TEMP267",NA,4678,"bounds",1464,654,45678,NA,3,6539,FALSE,"Syverson-Blois"
"TEMP268",NA,4678,"event",1184,934,45678,NA,3,6539,FALSE,"Syverson-Blois"
"TEMP269",NA,4679,"bounds",8104,4084,45678,NA,3,6539,FALSE,"Syverson-Blois"
"TEMP270",NA,4679,"event",6834,5324,45678,NA,3,6539,FALSE,"Syverson-Blois"
"TEMP271",NA,4681,"bounds",12854,9334,45678,NA,3,6539,FALSE,"Syverson-Blois"
"TEMP272",NA,4681,"event",11654,10524,45678,NA,3,6539,FALSE,"Syverson-Blois"
"TEMP273",NA,4683,"bounds",7664,4064,45678,NA,3,6539,FALSE,"Syverson-Blois"
"TEMP274",NA,4683,"event",6444,5284,45678,NA,3,6539,FALSE,"Syverson-Blois"
"TEMP275",NA,4684,"bounds",8464,814,45683,NA,3,6539,FALSE,"Syverson-Blois"
"TEMP276",NA,4684,"event",7764,974,45683,NA,3,6539,FALSE,"Syverson-Blois"
"TEMP277",NA,4691,"bounds",7164,534,45683,NA,3,6539,FALSE,"Syverson-Blois"
"TEMP278",NA,4691,"event",6404,764,45683,NA,3,6539,FALSE,"Syverson-Blois"
"TEMP279",NA,4702,"bounds",2134,1024,45678,NA,3,6539,FALSE,"Syverson-Blois"
"TEMP280",NA,4702,"event",1754,1394,45678,NA,3,6539,FALSE,"Syverson-Blois"
"TEMP281",NA,4704,"bounds",984,314,45678,NA,3,6539,FALSE,"Syverson-Blois"
"TEMP282",NA,4704,"event",744,544,45678,NA,3,6539,FALSE,"Syverson-Blois"
"TEMP283",NA,4706,"bounds",5324,74,45678,NA,3,6539,FALSE,"Syverson-Blois"
"TEMP284",NA,4706,"event",3714,1674,45678,NA,3,6539,FALSE,"Syverson-Blois"
"TEMP285",NA,4713,"bounds",754,584,45678,NA,3,6539,FALSE,"Syverson-Blois"
"TEMP286",NA,4713,"event",714,644,45678,NA,3,6539,FALSE,"Syverson-Blois"
"TEMP287",NA,4718,"bounds",53900,11292,45683,NA,3,6539,FALSE,"Syverson-Blois"
"TEMP288",NA,4718,"event",48400,12900,45683,NA,3,6539,FALSE,"Syverson-Blois"
"TEMP289",NA,4720,"bounds",1334,1064,45678,NA,3,6539,FALSE,"Syverson-Blois"
"TEMP290",NA,4720,"event",1264,1144,45678,NA,3,6539,FALSE,"Syverson-Blois"
"TEMP291",NA,4722,"bounds",14264,12084,45678,NA,3,6539,FALSE,"Syverson-Blois"
"TEMP292",NA,4722,"event",13624,12754,45678,NA,3,6539,FALSE,"Syverson-Blois"
"TEMP293",NA,4724,"bounds",884,494,45678,NA,3,6539,FALSE,"Syverson-Blois"
"TEMP294",NA,4724,"event",744,604,45678,NA,3,6539,FALSE,"Syverson-Blois"
"TEMP295",NA,4731,"bounds",1584,94,45678,NA,3,6539,FALSE,"Syverson-Blois"
"TEMP296",NA,4731,"event",1114,574,45678,NA,3,6539,FALSE,"Syverson-Blois"
"TEMP297",NA,4732,"bounds",684,654,45678,NA,3,6539,FALSE,"Syverson-Blois"
"TEMP298",NA,4732,"event",684,664,45678,NA,3,6539,FALSE,"Syverson-Blois"
"TEMP299",NA,4733,"bounds",3904,2644,45678,NA,3,6539,FALSE,"Syverson-Blois"
"TEMP300",NA,4733,"event",3504,3024,45678,NA,3,6539,FALSE,"Syverson-Blois"
"TEMP301",NA,4734,"bounds",1194,534,45678,NA,3,6539,FALSE,"Syverson-Blois"
"TEMP302",NA,4734,"event",974,764,45678,NA,3,6539,FALSE,"Syverson-Blois"
"TEMP303",NA,4735,"bounds",804,654,45678,NA,3,6539,FALSE,"Syverson-Blois"
"TEMP304",NA,4735,"event",754,704,45678,NA,3,6539,FALSE,"Syverson-Blois"
"TEMP305",NA,4746,"bounds",1054,874,45678,NA,3,6539,FALSE,"Syverson-Blois"
"TEMP306",NA,4746,"event",994,934,45678,NA,3,6539,FALSE,"Syverson-Blois"
"TEMP307",NA,4750,"bounds",924,334,45678,NA,3,6539,FALSE,"Syverson-Blois"
"TEMP308",NA,4750,"event",714,534,45678,NA,3,6539,FALSE,"Syverson-Blois"
"TEMP309",NA,4751,"bounds",1034,64,45678,NA,3,6539,FALSE,"Syverson-Blois"
"TEMP310",NA,4751,"event",694,404,45678,NA,3,6539,FALSE,"Syverson-Blois"
"TEMP311",NA,4753,"bounds",804,374,45678,NA,3,6539,FALSE,"Syverson-Blois"
"TEMP312",NA,4753,"event",654,514,45678,NA,3,6539,FALSE,"Syverson-Blois"
"TEMP313",NA,4754,"bounds",964,304,45678,NA,3,6539,FALSE,"Syverson-Blois"
"TEMP314",NA,4754,"event",734,534,45678,NA,3,6539,FALSE,"Syverson-Blois"
"TEMP315",NA,4764,"bounds",654,514,45678,NA,3,6539,FALSE,"Syverson-Blois"
"TEMP316",NA,4764,"event",624,554,45678,NA,3,6539,FALSE,"Syverson-Blois"
"TEMP317",NA,4766,"bounds",2504,964,45678,NA,3,6539,FALSE,"Syverson-Blois"
"TEMP318",NA,4766,"event",2014,1444,45678,NA,3,6539,FALSE,"Syverson-Blois"
"TEMP319",NA,4767,"bounds",4904,1294,45683,NA,3,6539,FALSE,"Syverson-Blois"
"TEMP320",NA,4767,"event",3944,1594,45683,NA,3,6539,FALSE,"Syverson-Blois"
"TEMP321",NA,4769,"bounds",3254,534,45678,NA,3,6539,FALSE,"Syverson-Blois"
"TEMP322",NA,4769,"event",2444,1364,45678,NA,3,6539,FALSE,"Syverson-Blois"
"TEMP323",NA,4771,"bounds",1734,1544,45678,NA,3,6539,FALSE,"Syverson-Blois"
"TEMP324",NA,4771,"event",1684,1594,45678,NA,3,6539,FALSE,"Syverson-Blois"
"TEMP325",NA,4772,"bounds",744,284,45678,NA,3,6539,FALSE,"Syverson-Blois"
"TEMP326",NA,4772,"event",594,434,45678,NA,3,6539,FALSE,"Syverson-Blois"
"TEMP327",NA,4774,"bounds",1854,484,45678,NA,3,6539,FALSE,"Syverson-Blois"
"TEMP328",NA,4774,"event",1414,914,45678,NA,3,6539,FALSE,"Syverson-Blois"
"TEMP329",NA,4778,"bounds",924,574,45678,NA,3,6539,FALSE,"Syverson-Blois"
"TEMP330",NA,4778,"event",794,684,45678,NA,3,6539,FALSE,"Syverson-Blois"
"TEMP331",NA,4779,"bounds",1674,584,45683,NA,3,6539,FALSE,"Syverson-Blois"
"TEMP332",NA,4779,"event",1504,744,45683,NA,3,6539,FALSE,"Syverson-Blois"
"TEMP333",NA,4780,"bounds",1734,624,45683,NA,3,6539,FALSE,"Syverson-Blois"
"TEMP334",NA,4780,"event",1594,814,45683,NA,3,6539,FALSE,"Syverson-Blois"
"TEMP335",NA,4782,"bounds",1794,944,45678,NA,3,6539,FALSE,"Syverson-Blois"
"TEMP336",NA,4782,"event",1494,1234,45678,NA,3,6539,FALSE,"Syverson-Blois"
"TEMP337",NA,4784,"bounds",1764,444,45678,NA,3,6539,FALSE,"Syverson-Blois"
"TEMP338",NA,4784,"event",1334,884,45678,NA,3,6539,FALSE,"Syverson-Blois"
"TEMP339",NA,4787,"bounds",374,14,45678,NA,3,6539,FALSE,"Syverson-Blois"
"TEMP340",NA,4787,"event",274,114,45678,NA,3,6539,FALSE,"Syverson-Blois"
"TEMP341",NA,4789,"bounds",3424,434,45678,NA,3,6539,FALSE,"Syverson-Blois"
"TEMP342",NA,4789,"event",2444,1414,45678,NA,3,6539,FALSE,"Syverson-Blois"
"TEMP343",NA,4791,"bounds",2384,1234,45678,NA,3,6539,FALSE,"Syverson-Blois"
"TEMP344",NA,4791,"event",1994,1624,45678,NA,3,6539,FALSE,"Syverson-Blois"
"TEMP345",NA,4792,"bounds",914,684,45678,NA,3,6539,FALSE,"Syverson-Blois"
"TEMP346",NA,4792,"event",844,754,45678,NA,3,6539,FALSE,"Syverson-Blois"
"TEMP347",NA,4794,"bounds",14904,8444,45678,NA,3,6539,FALSE,"Syverson-Blois"
"TEMP348",NA,4794,"event",12904,10384,45678,NA,3,6539,FALSE,"Syverson-Blois"
"TEMP349",NA,4800,"bounds",2004,1044,45683,NA,3,6539,FALSE,"Syverson-Blois"
"TEMP350",NA,4800,"event",1914,1304,45683,NA,3,6539,FALSE,"Syverson-Blois"
"TEMP351",NA,4801,"bounds",1384,544,45678,NA,3,6539,FALSE,"Syverson-Blois"
"TEMP352",NA,4801,"event",1104,824,45678,NA,3,6539,FALSE,"Syverson-Blois"
"TEMP353",NA,4805,"bounds",15864,10314,45678,NA,3,6539,FALSE,"Syverson-Blois"
"TEMP354",NA,4805,"event",13914,12244,45678,NA,3,6539,FALSE,"Syverson-Blois"
"TEMP355",NA,4806,"bounds",1054,524,45678,NA,3,6539,FALSE,"Syverson-Blois"
"TEMP356",NA,4806,"event",884,704,45678,NA,3,6539,FALSE,"Syverson-Blois"
"TEMP357",NA,4807,"bounds",1624,424,45678,NA,3,6539,FALSE,"Syverson-Blois"
"TEMP358",NA,4807,"event",1224,824,45678,NA,3,6539,FALSE,"Syverson-Blois"
"TEMP359",NA,4808,"bounds",1794,104,45678,NA,3,6539,FALSE,"Syverson-Blois"
"TEMP360",NA,4808,"event",1254,644,45678,NA,3,6539,FALSE,"Syverson-Blois"
"TEMP361",NA,4809,"bounds",2374,1364,45678,NA,3,6539,FALSE,"Syverson-Blois"
"TEMP362",NA,4809,"event",2024,1714,45678,NA,3,6539,FALSE,"Syverson-Blois"
"TEMP363",NA,4811,"bounds",36000,29300,45678,NA,3,6539,FALSE,"Syverson-Blois"
"TEMP364",NA,4811,"event",34000,31400,45678,NA,3,6539,FALSE,"Syverson-Blois"
"TEMP365",NA,4813,"bounds",6574,5524,45683,NA,3,6539,FALSE,"Syverson-Blois"
"TEMP366",NA,4813,"event",6334,5714,45683,NA,3,6539,FALSE,"Syverson-Blois"
"TEMP367",NA,4814,"bounds",1654,1434,45678,NA,3,6539,FALSE,"Syverson-Blois"
"TEMP368",NA,4814,"event",1594,1504,45678,NA,3,6539,FALSE,"Syverson-Blois"
"TEMP369",NA,4835,"bounds",2804,594,45678,NA,3,6539,FALSE,"Syverson-Blois"
"TEMP370",NA,4835,"event",2044,1354,45678,NA,3,6539,FALSE,"Syverson-Blois"
"TEMP371",NA,4838,"bounds",5694,4384,45678,NA,3,6539,FALSE,"Syverson-Blois"
"TEMP372",NA,4838,"event",5254,4844,45678,NA,3,6539,FALSE,"Syverson-Blois"
"TEMP373",NA,4839,"bounds",3097,612,45683,NA,3,6539,FALSE,"Syverson-Blois"
"TEMP374",NA,4839,"event",2257,1374,45683,NA,3,6539,FALSE,"Syverson-Blois"
"TEMP375",NA,4840,"bounds",2197,1482,45678,NA,3,6539,FALSE,"Syverson-Blois"
"TEMP376",NA,4840,"event",1954,1724,45678,NA,3,6539,FALSE,"Syverson-Blois"
"TEMP377",NA,4841,"bounds",1354,74,45678,NA,3,6539,FALSE,"Syverson-Blois"
"TEMP378",NA,4841,"event",914,514,45678,NA,3,6539,FALSE,"Syverson-Blois"
"TEMP379",NA,4842,"bounds",2124,1644,45678,NA,3,6539,FALSE,"Syverson-Blois"
"TEMP380",NA,4842,"event",1984,1784,45678,NA,3,6539,FALSE,"Syverson-Blois"
"TEMP381",NA,4843,"bounds",1764,1204,45678,NA,3,6539,FALSE,"Syverson-Blois"
"TEMP382",NA,4843,"event",1564,1364,45678,NA,3,6539,FALSE,"Syverson-Blois"
"TEMP383",NA,4844,"bounds",1404,524,45678,NA,3,6539,FALSE,"Syverson-Blois"
"TEMP384",NA,4844,"event",1114,794,45678,NA,3,6539,FALSE,"Syverson-Blois"
"TEMP385",NA,4845,"bounds",10994,234,45683,NA,3,6539,FALSE,"Syverson-Blois"
"TEMP386",NA,4845,"event",10024,604,45683,NA,3,6539,FALSE,"Syverson-Blois"
"TEMP387",NA,4848,"bounds",764,204,45678,NA,3,6539,FALSE,"Syverson-Blois"
"TEMP388",NA,4848,"event",594,394,45678,NA,3,6539,FALSE,"Syverson-Blois"
"TEMP389",NA,4854,"bounds",1014,14,45678,NA,3,6539,FALSE,"Syverson-Blois"
"TEMP390",NA,4854,"event",664,364,45678,NA,3,6539,FALSE,"Syverson-Blois"
"TEMP391",NA,4855,"bounds",514,344,45678,NA,3,6539,FALSE,"Syverson-Blois"
"TEMP392",NA,4855,"event",474,384,45678,NA,3,6539,FALSE,"Syverson-Blois"
"TEMP393",NA,4859,"bounds",904,664,45678,NA,3,6539,FALSE,"Syverson-Blois"
"TEMP394",NA,4859,"event",824,744,45678,NA,3,6539,FALSE,"Syverson-Blois"
"TEMP395",NA,4861,"bounds",644,534,45678,NA,3,6539,FALSE,"Syverson-Blois"
"TEMP396",NA,4861,"event",614,564,45678,NA,3,6539,FALSE,"Syverson-Blois"
"TEMP397",NA,4862,"bounds",1054,424,45678,NA,3,6539,FALSE,"Syverson-Blois"
"TEMP398",NA,4862,"event",834,634,45678,NA,3,6539,FALSE,"Syverson-Blois"
"TEMP399",NA,4863,"bounds",904,784,45678,NA,3,6539,FALSE,"Syverson-Blois"
"TEMP400",NA,4863,"event",874,814,45678,NA,3,6539,FALSE,"Syverson-Blois"
"TEMP401",NA,4864,"bounds",904,804,45678,NA,3,6539,FALSE,"Syverson-Blois"
"TEMP402",NA,4864,"event",884,834,45678,NA,3,6539,FALSE,"Syverson-Blois"
"TEMP403",NA,4871,"bounds",2024,1244,45683,NA,3,6539,FALSE,"Syverson-Blois"
"TEMP404",NA,4871,"event",1804,1447,45683,NA,3,6539,FALSE,"Syverson-Blois"
"TEMP405",NA,4872,"bounds",2164,1314,45678,NA,3,6539,FALSE,"Syverson-Blois"
"TEMP406",NA,4872,"event",1874,1584,45678,NA,3,6539,FALSE,"Syverson-Blois"
"TEMP407",NA,4875,"bounds",1074,734,45678,NA,3,6539,FALSE,"Syverson-Blois"
"TEMP408",NA,4875,"event",974,864,45678,NA,3,6539,FALSE,"Syverson-Blois"
"TEMP409",NA,4876,"bounds",1794,-16,45683,NA,3,6539,FALSE,"Syverson-Blois"
"TEMP410",NA,4876,"event",1184,554,45683,NA,3,6539,FALSE,"Syverson-Blois"
"TEMP411",NA,4880,"bounds",1114,334,45678,NA,3,6539,FALSE,"Syverson-Blois"
"TEMP412",NA,4880,"event",834,564,45678,NA,3,6539,FALSE,"Syverson-Blois"
"TEMP413",NA,4884,"bounds",914,124,45678,NA,3,6539,FALSE,"Syverson-Blois"
"TEMP414",NA,4884,"event",664,394,45678,NA,3,6539,FALSE,"Syverson-Blois"
"TEMP415",NA,4888,"bounds",774,504,45678,NA,3,6539,FALSE,"Syverson-Blois"
"TEMP416",NA,4888,"event",694,574,45678,NA,3,6539,FALSE,"Syverson-Blois"
"TEMP417",NA,4889,"bounds",16200,347,45683,NA,3,6539,FALSE,"Syverson-Blois"
"TEMP418",NA,4889,"event",11900,397,45683,NA,3,6539,FALSE,"Syverson-Blois"
"TEMP419",NA,4890,"bounds",694,-46,45678,NA,3,6539,FALSE,"Syverson-Blois"
"TEMP420",NA,4890,"event",454,204,45678,NA,3,6539,FALSE,"Syverson-Blois"
"TEMP421",NA,4891,"bounds",824,664,45678,NA,3,6539,FALSE,"Syverson-Blois"
"TEMP422",NA,4891,"event",774,714,45678,NA,3,6539,FALSE,"Syverson-Blois"
"TEMP423",NA,4892,"bounds",844,634,45678,NA,3,6539,FALSE,"Syverson-Blois"
"TEMP424",NA,4892,"event",774,694,45678,NA,3,6539,FALSE,"Syverson-Blois"
"TEMP425",NA,4893,"bounds",704,514,45678,NA,3,6539,FALSE,"Syverson-Blois"
"TEMP426",NA,4893,"event",644,574,45678,NA,3,6539,FALSE,"Syverson-Blois"
"TEMP427",NA,4894,"bounds",914,774,45678,NA,3,6539,FALSE,"Syverson-Blois"
"TEMP428",NA,4894,"event",884,814,45678,NA,3,6539,FALSE,"Syverson-Blois"
"TEMP429",NA,4895,"bounds",13834,8234,45678,NA,3,6539,FALSE,"Syverson-Blois"
"TEMP430",NA,4895,"event",11964,10104,45678,NA,3,6539,FALSE,"Syverson-Blois"
"TEMP431",NA,4896,"bounds",844,624,45678,NA,3,6539,FALSE,"Syverson-Blois"
"TEMP432",NA,4896,"event",764,694,45678,NA,3,6539,FALSE,"Syverson-Blois"
"TEMP433",NA,4905,"bounds",794,544,45678,NA,3,6539,FALSE,"Syverson-Blois"
"TEMP434",NA,4905,"event",714,614,45678,NA,3,6539,FALSE,"Syverson-Blois"
"TEMP435",NA,4907,"bounds",754,684,45678,NA,3,6539,FALSE,"Syverson-Blois"
"TEMP436",NA,4907,"event",734,704,45678,NA,3,6539,FALSE,"Syverson-Blois"
"TEMP437",NA,4908,"bounds",974,564,45678,NA,3,6539,FALSE,"Syverson-Blois"
"TEMP438",NA,4908,"event",854,694,45678,NA,3,6539,FALSE,"Syverson-Blois"
"TEMP439",NA,4909,"bounds",994,424,45678,NA,3,6539,FALSE,"Syverson-Blois"
"TEMP440",NA,4909,"event",824,614,45678,NA,3,6539,FALSE,"Syverson-Blois"
"TEMP441",NA,4910,"bounds",1234,514,45678,NA,3,6539,FALSE,"Syverson-Blois"
"TEMP442",NA,4910,"event",1004,744,45678,NA,3,6539,FALSE,"Syverson-Blois"
"TEMP443",NA,4911,"bounds",9374,5964,45683,NA,3,6539,FALSE,"Syverson-Blois"
"TEMP444",NA,4911,"event",8704,7044,45683,NA,3,6539,FALSE,"Syverson-Blois"
"TEMP445",NA,4913,"bounds",484,190,45678,NA,3,6539,FALSE,"Syverson-Blois"
"TEMP446",NA,4913,"event",374,274,45678,NA,3,6539,FALSE,"Syverson-Blois"
"TEMP447",NA,4914,"bounds",674,304,45683,NA,3,6539,FALSE,"Syverson-Blois"
"TEMP448",NA,4914,"event",654,354,45683,NA,3,6539,FALSE,"Syverson-Blois"
"TEMP449",NA,4916,"bounds",2704,4,45678,NA,3,6539,FALSE,"Syverson-Blois"
"TEMP450",NA,4916,"event",1874,824,45678,NA,3,6539,FALSE,"Syverson-Blois"
"TEMP451",NA,4917,"bounds",724,314,45678,NA,3,6539,FALSE,"Syverson-Blois"
"TEMP452",NA,4917,"event",604,454,45678,NA,3,6539,FALSE,"Syverson-Blois"
"TEMP453",NA,4918,"bounds",4294,234,45683,NA,3,6539,FALSE,"Syverson-Blois"
"TEMP454",NA,4918,"event",4104,424,45683,NA,3,6539,FALSE,"Syverson-Blois"
"TEMP455",NA,4920,"bounds",554,284,45678,NA,3,6539,FALSE,"Syverson-Blois"
"TEMP456",NA,4920,"event",464,374,45678,NA,3,6539,FALSE,"Syverson-Blois"
"TEMP457",NA,4922,"bounds",494,320,45678,NA,3,6539,FALSE,"Syverson-Blois"
"TEMP458",NA,4922,"event",434,364,45678,NA,3,6539,FALSE,"Syverson-Blois"
"TEMP459",NA,4923,"bounds",554,484,45678,NA,3,6539,FALSE,"Syverson-Blois"
"TEMP460",NA,4923,"event",524,504,45678,NA,3,6539,FALSE,"Syverson-Blois"
"TEMP461",NA,4924,"bounds",544,504,45678,NA,3,6539,FALSE,"Syverson-Blois"
"TEMP462",NA,4924,"event",524,514,45678,NA,3,6539,FALSE,"Syverson-Blois"
"TEMP463",NA,4932,"bounds",554,374,45678,NA,3,6539,FALSE,"Syverson-Blois"
"TEMP464",NA,4932,"event",504,434,45678,NA,3,6539,FALSE,"Syverson-Blois"
"TEMP465",NA,4938,"bounds",2924,514,45678,NA,3,6539,FALSE,"Syverson-Blois"
"TEMP466",NA,4938,"event",2754,674,45678,NA,3,6539,FALSE,"Syverson-Blois"
"TEMP467",NA,4947,"bounds",704,574,45678,NA,3,6539,FALSE,"Syverson-Blois"
"TEMP468",NA,4947,"event",664,624,45678,NA,3,6539,FALSE,"Syverson-Blois"
"TEMP469",NA,4952,"bounds",914,564,45678,NA,3,6539,FALSE,"Syverson-Blois"
"TEMP470",NA,4952,"event",794,674,45678,NA,3,6539,FALSE,"Syverson-Blois"
"TEMP471",NA,4953,"bounds",644,454,45678,NA,3,6539,FALSE,"Syverson-Blois"
"TEMP472",NA,4953,"event",584,514,45678,NA,3,6539,FALSE,"Syverson-Blois"
"TEMP473",NA,4954,"bounds",1864,834,45683,NA,3,6539,FALSE,"Syverson-Blois"
"TEMP474",NA,4954,"event",1814,924,45683,NA,3,6539,FALSE,"Syverson-Blois"
"TEMP475",NA,4955,"bounds",584,464,45678,NA,3,6539,FALSE,"Syverson-Blois"
"TEMP476",NA,4955,"event",544,504,45678,NA,3,6539,FALSE,"Syverson-Blois"
"TEMP477",NA,4956,"bounds",484,314,45678,NA,3,6539,FALSE,"Syverson-Blois"
"TEMP478",NA,4956,"event",434,354,45678,NA,3,6539,FALSE,"Syverson-Blois"
"TEMP479",NA,4957,"bounds",544,364,45678,NA,3,6539,FALSE,"Syverson-Blois"
"TEMP480",NA,4957,"event",494,424,45678,NA,3,6539,FALSE,"Syverson-Blois"
"TEMP481",NA,4958,"bounds",594,394,45678,NA,3,6539,FALSE,"Syverson-Blois"
"TEMP482",NA,4958,"event",534,464,45678,NA,3,6539,FALSE,"Syverson-Blois"
"TEMP483",NA,4962,"bounds",714,564,45678,NA,3,6539,FALSE,"Syverson-Blois"
"TEMP484",NA,4962,"event",674,614,45678,NA,3,6539,FALSE,"Syverson-Blois"
"TEMP485",NA,4963,"bounds",914,744,45678,NA,3,6539,FALSE,"Syverson-Blois"
"TEMP486",NA,4963,"event",874,794,45678,NA,3,6539,FALSE,"Syverson-Blois"
"TEMP487",NA,4965,"bounds",1054,524,45678,NA,3,6539,FALSE,"Syverson-Blois"
"TEMP488",NA,4965,"event",884,704,45678,NA,3,6539,FALSE,"Syverson-Blois"
"TEMP489",NA,4967,"bounds",874,604,45678,NA,3,6539,FALSE,"Syverson-Blois"
"TEMP490",NA,4967,"event",784,684,45678,NA,3,6539,FALSE,"Syverson-Blois"
"TEMP491",NA,4968,"bounds",764,674,45678,NA,3,6539,FALSE,"Syverson-Blois"
"TEMP492",NA,4968,"event",734,694,45678,NA,3,6539,FALSE,"Syverson-Blois"
"TEMP493",NA,4969,"bounds",774,684,45678,NA,3,6539,FALSE,"Syverson-Blois"
"TEMP494",NA,4969,"event",744,704,45678,NA,3,6539,FALSE,"Syverson-Blois"
"TEMP495",NA,4970,"bounds",1274,374,45678,NA,3,6539,FALSE,"Syverson-Blois"
"TEMP496",NA,4970,"event",964,664,45678,NA,3,6539,FALSE,"Syverson-Blois"
"TEMP497",NA,4971,"bounds",854,664,45678,NA,3,6539,FALSE,"Syverson-Blois"
"TEMP498",NA,4971,"event",794,714,45678,NA,3,6539,FALSE,"Syverson-Blois"
"TEMP499",NA,4972,"bounds",1254,584,45678,NA,3,6539,FALSE,"Syverson-Blois"
"TEMP500",NA,4972,"event",1024,814,45678,NA,3,6539,FALSE,"Syverson-Blois"
"TEMP501",NA,4973,"bounds",794,644,45678,NA,3,6539,FALSE,"Syverson-Blois"
"TEMP502",NA,4973,"event",744,684,45678,NA,3,6539,FALSE,"Syverson-Blois"
"TEMP503",NA,4974,"bounds",944,604,45678,NA,3,6539,FALSE,"Syverson-Blois"
"TEMP504",NA,4974,"event",834,714,45678,NA,3,6539,FALSE,"Syverson-Blois"
"TEMP505",NA,4975,"bounds",1144,254,45678,NA,3,6539,FALSE,"Syverson-Blois"
"TEMP506",NA,4975,"event",834,564,45678,NA,3,6539,FALSE,"Syverson-Blois"
"TEMP507",NA,4976,"bounds",1184,754,45678,NA,3,6539,FALSE,"Syverson-Blois"
"TEMP508",NA,4976,"event",1064,874,45678,NA,3,6539,FALSE,"Syverson-Blois"
"TEMP509",NA,4977,"bounds",954,744,45678,NA,3,6539,FALSE,"Syverson-Blois"
"TEMP510",NA,4977,"event",904,804,45678,NA,3,6539,FALSE,"Syverson-Blois"
"TEMP511",NA,4978,"bounds",1354,4,45678,NA,3,6539,FALSE,"Syverson-Blois"
"TEMP512",NA,4978,"event",884,474,45678,NA,3,6539,FALSE,"Syverson-Blois"
"TEMP513",NA,4979,"bounds",694,614,45678,NA,3,6539,FALSE,"Syverson-Blois"
"TEMP514",NA,4979,"event",674,644,45678,NA,3,6539,FALSE,"Syverson-Blois"
"TEMP515",NA,4980,"bounds",874,664,45678,NA,3,6539,FALSE,"Syverson-Blois"
"TEMP516",NA,4980,"event",804,714,45678,NA,3,6539,FALSE,"Syverson-Blois"
"TEMP517",NA,4981,"bounds",1364,1274,45678,NA,3,6539,FALSE,"Syverson-Blois"
"TEMP518",NA,4981,"event",1344,1304,45678,NA,3,6539,FALSE,"Syverson-Blois"
"TEMP519",NA,4986,"bounds",954,424,45678,NA,3,6539,FALSE,"Syverson-Blois"
"TEMP520",NA,4986,"event",764,594,45678,NA,3,6539,FALSE,"Syverson-Blois"
"TEMP521",NA,4988,"bounds",7434,3054,45678,NA,3,6539,FALSE,"Syverson-Blois"
"TEMP522",NA,4988,"event",6084,4414,45678,NA,3,6539,FALSE,"Syverson-Blois"
"TEMP523",NA,4990,"bounds",1024,794,45678,NA,3,6539,FALSE,"Syverson-Blois"
"TEMP524",NA,4990,"event",954,874,45678,NA,3,6539,FALSE,"Syverson-Blois"
"TEMP525",NA,4991,"bounds",25574,23854,45678,NA,3,6539,FALSE,"Syverson-Blois"
"TEMP526",NA,4991,"event",25004,24424,45678,NA,3,6539,FALSE,"Syverson-Blois"
"TEMP527",NA,4992,"bounds",684,534,45678,NA,3,6539,FALSE,"Syverson-Blois"
"TEMP528",NA,4992,"event",634,574,45678,NA,3,6539,FALSE,"Syverson-Blois"
"TEMP529",NA,4993,"bounds",1344,114,45683,NA,3,6539,FALSE,"Syverson-Blois"
"TEMP530",NA,4993,"event",1064,314,45683,NA,3,6539,FALSE,"Syverson-Blois"
"TEMP531",NA,4995,"bounds",4084,3644,45678,NA,3,6539,FALSE,"Syverson-Blois"
"TEMP532",NA,4995,"event",3964,3774,45678,NA,3,6539,FALSE,"Syverson-Blois"
"TEMP533",NA,4996,"bounds",1834,904,45678,NA,3,6539,FALSE,"Syverson-Blois"
"TEMP534",NA,4996,"event",1514,1224,45678,NA,3,6539,FALSE,"Syverson-Blois"
"TEMP535",NA,4997,"bounds",934,754,45678,NA,3,6539,FALSE,"Syverson-Blois"
"TEMP536",NA,4997,"event",874,814,45678,NA,3,6539,FALSE,"Syverson-Blois"
"TEMP537",NA,4998,"bounds",1584,234,45678,NA,3,6539,FALSE,"Syverson-Blois"
"TEMP538",NA,4998,"event",1124,694,45678,NA,3,6539,FALSE,"Syverson-Blois"
"TEMP539",NA,4999,"bounds",684,544,45678,NA,3,6539,FALSE,"Syverson-Blois"
"TEMP540",NA,4999,"event",644,584,45678,NA,3,6539,FALSE,"Syverson-Blois"
"TEMP541",NA,5000,"bounds",1574,1004,45678,NA,3,6539,FALSE,"Syverson-Blois"
"TEMP542",NA,5000,"event",1394,1194,45678,NA,3,6539,FALSE,"Syverson-Blois"
"TEMP543",NA,5003,"bounds",834,184,45678,NA,3,6539,FALSE,"Syverson-Blois"
"TEMP544",NA,5003,"event",624,404,45678,NA,3,6539,FALSE,"Syverson-Blois"
"TEMP545",NA,5004,"bounds",514,334,45678,NA,3,6539,FALSE,"Syverson-Blois"
"TEMP546",NA,5004,"event",464,374,45678,NA,3,6539,FALSE,"Syverson-Blois"
"TEMP547",NA,5005,"bounds",1904,1154,45683,NA,3,6539,FALSE,"Syverson-Blois"
"TEMP548",NA,5005,"event",1754,1224,45683,NA,3,6539,FALSE,"Syverson-Blois"
"TEMP549",NA,5006,"bounds",4734,534,45678,NA,3,6539,FALSE,"Syverson-Blois"
"TEMP550",NA,5006,"event",3414,1864,45678,NA,3,6539,FALSE,"Syverson-Blois"
"TEMP551",NA,5008,"bounds",11194,5584,45678,NA,3,6539,FALSE,"Syverson-Blois"
"TEMP552",NA,5008,"event",9494,7274,45678,NA,3,6539,FALSE,"Syverson-Blois"
"TEMP553",NA,5009,"bounds",11274,10374,45678,NA,3,6539,FALSE,"Syverson-Blois"
"TEMP554",NA,5009,"event",11024,10654,45678,NA,3,6539,FALSE,"Syverson-Blois"
"TEMP555",NA,5012,"bounds",9900,7000,45683,NA,3,6539,FALSE,"Syverson-Blois"
"TEMP556",NA,5012,"event",9600,7200,45683,NA,3,6539,FALSE,"Syverson-Blois"
"TEMP557",NA,5013,"bounds",2114,1294,45678,NA,3,6539,FALSE,"Syverson-Blois"
"TEMP558",NA,5013,"event",1854,1564,45678,NA,3,6539,FALSE,"Syverson-Blois"
"TEMP559",NA,5014,"bounds",15924,13334,45678,NA,3,6539,FALSE,"Syverson-Blois"
"TEMP560",NA,5014,"event",15074,14184,45678,NA,3,6539,FALSE,"Syverson-Blois"
"TEMP561",NA,5015,"bounds",20200,15600,45678,NA,3,6539,FALSE,"Syverson-Blois"
"TEMP562",NA,5015,"event",18900,17000,45678,NA,3,6539,FALSE,"Syverson-Blois"
"TEMP563",NA,5016,"bounds",30074,25164,45678,NA,3,6539,FALSE,"Syverson-Blois"
"TEMP564",NA,5016,"event",28444,26804,45678,NA,3,6539,FALSE,"Syverson-Blois"
"TEMP565",NA,5017,"bounds",22594,19554,45678,NA,3,6539,FALSE,"Syverson-Blois"
"TEMP566",NA,5017,"event",21624,20524,45678,NA,3,6539,FALSE,"Syverson-Blois"
"TEMP567",NA,5022,"bounds",2244,-66,45678,NA,3,6539,FALSE,"Syverson-Blois"
"TEMP568",NA,5022,"event",1544,624,45678,NA,3,6539,FALSE,"Syverson-Blois"
"TEMP569",NA,5023,"bounds",5714,834,45683,NA,3,6539,FALSE,"Syverson-Blois"
"TEMP570",NA,5023,"event",4944,1204,45683,NA,3,6539,FALSE,"Syverson-Blois"
"TEMP571",NA,5024,"bounds",854,674,45678,NA,3,6539,FALSE,"Syverson-Blois"
"TEMP572",NA,5024,"event",794,724,45678,NA,3,6539,FALSE,"Syverson-Blois"
"TEMP573",NA,5030,"bounds",15184,8664,45678,NA,3,6539,FALSE,"Syverson-Blois"
"TEMP574",NA,5030,"event",12934,10864,45678,NA,3,6539,FALSE,"Syverson-Blois"
"TEMP575",NA,5035,"bounds",10974,9524,45678,NA,3,6539,FALSE,"Syverson-Blois"
"TEMP576",NA,5035,"event",10474,10014,45678,NA,3,6539,FALSE,"Syverson-Blois"
"TEMP577",NA,5036,"bounds",14214,1714,45683,NA,3,6539,FALSE,"Syverson-Blois"
"TEMP578",NA,5036,"event",11244,3144,45683,NA,3,6539,FALSE,"Syverson-Blois"
"TEMP579",NA,5037,"bounds",3714,214,45678,NA,3,6539,FALSE,"Syverson-Blois"
"TEMP580",NA,5037,"event",2614,1294,45678,NA,3,6539,FALSE,"Syverson-Blois"
"TEMP581",NA,5042,"bounds",484,284,45678,NA,3,6539,FALSE,"Syverson-Blois"
"TEMP582",NA,5042,"event",434,334,45678,NA,3,6539,FALSE,"Syverson-Blois"
"TEMP583",NA,5043,"bounds",1134,744,45678,NA,3,6539,FALSE,"Syverson-Blois"
"TEMP584",NA,5043,"event",1004,874,45678,NA,3,6539,FALSE,"Syverson-Blois"
"TEMP585",NA,5044,"bounds",724,504,45683,NA,3,6539,FALSE,"Syverson-Blois"
"TEMP586",NA,5044,"event",664,564,45683,NA,3,6539,FALSE,"Syverson-Blois"
"TEMP587",NA,5045,"bounds",11144,904,45683,NA,3,6539,FALSE,"Syverson-Blois"
"TEMP588",NA,5045,"event",10644,1244,45683,NA,3,6539,FALSE,"Syverson-Blois"
"TEMP589",NA,5046,"bounds",21000,0,45683,NA,3,6539,FALSE,"Syverson-Blois"
"TEMP590",NA,5046,"event",21000,0,45683,NA,3,6539,FALSE,"Syverson-Blois"
"TEMP591",NA,5049,"bounds",1534,764,45678,NA,3,6539,FALSE,"Syverson-Blois"
"TEMP592",NA,5049,"event",1274,1024,45678,NA,3,6539,FALSE,"Syverson-Blois"
"TEMP593",NA,5050,"bounds",1094,474,45678,NA,3,6539,FALSE,"Syverson-Blois"
"TEMP594",NA,5050,"event",884,684,45678,NA,3,6539,FALSE,"Syverson-Blois"
"TEMP595",NA,5051,"bounds",974,324,45678,NA,3,6539,FALSE,"Syverson-Blois"
"TEMP596",NA,5051,"event",764,544,45678,NA,3,6539,FALSE,"Syverson-Blois"
"TEMP597",NA,5052,"bounds",744,134,45678,NA,3,6539,FALSE,"Syverson-Blois"
"TEMP598",NA,5052,"event",534,344,45678,NA,3,6539,FALSE,"Syverson-Blois"
"TEMP599",NA,5053,"bounds",7434,6994,45678,NA,3,6539,FALSE,"Syverson-Blois"
"TEMP600",NA,5053,"event",7314,7124,45678,NA,3,6539,FALSE,"Syverson-Blois"
"TEMP601",NA,5054,"bounds",3744,894,45678,NA,3,6539,FALSE,"Syverson-Blois"
"TEMP602",NA,5054,"event",2874,1764,45678,NA,3,6539,FALSE,"Syverson-Blois"
"TEMP603",NA,5058,"bounds",2484,1104,45678,NA,3,6539,FALSE,"Syverson-Blois"
"TEMP604",NA,5058,"event",2034,1554,45678,NA,3,6539,FALSE,"Syverson-Blois"
"TEMP605",NA,5059,"bounds",8094,7184,45678,NA,3,6539,FALSE,"Syverson-Blois"
"TEMP606",NA,5059,"event",7784,7494,45678,NA,3,6539,FALSE,"Syverson-Blois"
"TEMP607",NA,5060,"bounds",45234,8754,45678,NA,3,6539,FALSE,"Syverson-Blois"
"TEMP608",NA,5060,"event",34204,19814,45678,NA,3,6539,FALSE,"Syverson-Blois"
"TEMP609",NA,5063,"bounds",794,474,45678,NA,3,6539,FALSE,"Syverson-Blois"
"TEMP610",NA,5063,"event",694,584,45678,NA,3,6539,FALSE,"Syverson-Blois"
"TEMP611",NA,5068,"bounds",2534,2034,45678,NA,3,6539,FALSE,"Syverson-Blois"
"TEMP612",NA,5068,"event",2364,2184,45678,NA,3,6539,FALSE,"Syverson-Blois"
"TEMP613",NA,5071,"bounds",12600,-75,45678,"younger age limits truncated at publication date (2025 CE)",3,6539,FALSE,"Syverson-Blois"
"TEMP614",NA,5071,"event",7100,1900,45678,NA,3,6539,FALSE,"Syverson-Blois"
"TEMP615",NA,5088,"bounds",12494,6824,45678,NA,3,6539,FALSE,"Syverson-Blois"
"TEMP616",NA,5088,"event",10594,8704,45678,NA,3,6539,FALSE,"Syverson-Blois"
"TEMP617",NA,5089,"bounds",1234,524,45678,NA,3,6539,FALSE,"Syverson-Blois"
"TEMP618",NA,5089,"event",984,724,45678,NA,3,6539,FALSE,"Syverson-Blois"
"TEMP619",NA,5103,"bounds",1114,854,45678,NA,3,6539,FALSE,"Syverson-Blois"
"TEMP620",NA,5103,"event",1034,934,45678,NA,3,6539,FALSE,"Syverson-Blois"
"TEMP621",NA,5104,"bounds",714,554,45678,NA,3,6539,FALSE,"Syverson-Blois"
"TEMP622",NA,5104,"event",664,594,45678,NA,3,6539,FALSE,"Syverson-Blois"
"TEMP623",NA,5105,"bounds",734,534,45678,NA,3,6539,FALSE,"Syverson-Blois"
"TEMP624",NA,5105,"event",664,584,45678,NA,3,6539,FALSE,"Syverson-Blois"
"TEMP625",NA,5106,"bounds",764,614,45678,NA,3,6539,FALSE,"Syverson-Blois"
"TEMP626",NA,5106,"event",714,664,45678,NA,3,6539,FALSE,"Syverson-Blois"
"TEMP627",NA,5107,"bounds",1384,464,45678,NA,3,6539,FALSE,"Syverson-Blois"
"TEMP628",NA,5107,"event",1074,774,45678,NA,3,6539,FALSE,"Syverson-Blois"
"TEMP629",NA,5108,"bounds",1664,674,45678,NA,3,6539,FALSE,"Syverson-Blois"
"TEMP630",NA,5108,"event",1314,1014,45678,NA,3,6539,FALSE,"Syverson-Blois"
"TEMP631",NA,5118,"bounds",1954,1054,45678,NA,3,6539,FALSE,"Syverson-Blois"
"TEMP632",NA,5118,"event",1654,1364,45678,NA,3,6539,FALSE,"Syverson-Blois"
"TEMP633",NA,5126,"bounds",2054,504,45678,NA,3,6539,FALSE,"Syverson-Blois"
"TEMP634",NA,5126,"event",1524,1034,45678,NA,3,6539,FALSE,"Syverson-Blois"
"TEMP635",NA,5177,"bounds",3284,2174,45678,NA,3,6539,FALSE,"Syverson-Blois"
"TEMP636",NA,5177,"event",2904,2544,45678,NA,3,6539,FALSE,"Syverson-Blois"
"TEMP637",NA,5178,"bounds",4874,3674,45678,NA,3,6539,FALSE,"Syverson-Blois"
"TEMP638",NA,5178,"event",4464,4094,45678,NA,3,6539,FALSE,"Syverson-Blois"
"TEMP639",NA,5181,"bounds",1014,424,45678,NA,3,6539,FALSE,"Syverson-Blois"
"TEMP640",NA,5181,"event",824,604,45678,NA,3,6539,FALSE,"Syverson-Blois"
"TEMP641",NA,5188,"bounds",47500,30100,45678,NA,3,6539,FALSE,"Syverson-Blois"
"TEMP642",NA,5188,"event",42000,34800,45678,NA,3,6539,FALSE,"Syverson-Blois"
"TEMP643",NA,5190,"bounds",6500,524,45683,NA,3,6539,FALSE,"Syverson-Blois"
"TEMP644",NA,5190,"event",6500,584,45683,NA,3,6539,FALSE,"Syverson-Blois"
"TEMP645",NA,5192,"bounds",514,-75,45678,"younger age limits truncated at publication date (2025 CE)",3,6539,FALSE,"Syverson-Blois"
"TEMP646",NA,5192,"event",304,74,45678,NA,3,6539,FALSE,"Syverson-Blois"
"TEMP647",NA,5199,"bounds",2204,814,45678,NA,3,6539,FALSE,"Syverson-Blois"
"TEMP648",NA,5199,"event",1734,1294,45678,NA,3,6539,FALSE,"Syverson-Blois"
"TEMP649",NA,5206,"bounds",9894,812,45683,NA,3,6539,FALSE,"Syverson-Blois"
"TEMP650",NA,5206,"event",9754,924,45683,NA,3,6539,FALSE,"Syverson-Blois"
"TEMP651",NA,5212,"bounds",10354,0,45683,NA,3,6539,FALSE,"Syverson-Blois"
"TEMP652",NA,5212,"event",9584,0,45683,NA,3,6539,FALSE,"Syverson-Blois"
"TEMP653",NA,5215,"bounds",48000,21700,45678,NA,3,6539,FALSE,"Syverson-Blois"
"TEMP654",NA,5215,"event",39000,30700,45678,NA,3,6539,FALSE,"Syverson-Blois"
"TEMP655",NA,5217,"bounds",29944,25254,45678,NA,3,6539,FALSE,"Syverson-Blois"
"TEMP656",NA,5217,"event",28374,26834,45678,NA,3,6539,FALSE,"Syverson-Blois"
"TEMP657",NA,5218,"bounds",18934,14984,45678,NA,3,6539,FALSE,"Syverson-Blois"
"TEMP658",NA,5218,"event",17624,16314,45678,NA,3,6539,FALSE,"Syverson-Blois"
"TEMP659",NA,5219,"bounds",21974,16714,45678,NA,3,6539,FALSE,"Syverson-Blois"
"TEMP660",NA,5219,"event",20214,18494,45678,NA,3,6539,FALSE,"Syverson-Blois"
"TEMP661",NA,5220,"bounds",14054,13364,45678,NA,3,6539,FALSE,"Syverson-Blois"
"TEMP662",NA,5220,"event",13804,13594,45678,NA,3,6539,FALSE,"Syverson-Blois"
"TEMP663",NA,5222,"bounds",10684,344,45683,NA,3,6539,FALSE,"Syverson-Blois"
"TEMP664",NA,5222,"event",8564,644,45683,NA,3,6539,FALSE,"Syverson-Blois"
"TEMP665",NA,5226,"bounds",28002,0,45683,NA,3,6539,FALSE,"Syverson-Blois"
"TEMP666",NA,5226,"event",24832,0,45683,NA,3,6539,FALSE,"Syverson-Blois"
"TEMP667",NA,5230,"bounds",1414,54,45678,NA,3,6539,FALSE,"Syverson-Blois"
"TEMP668",NA,5230,"event",944,524,45678,NA,3,6539,FALSE,"Syverson-Blois"
"TEMP669",NA,5231,"bounds",794,544,45678,NA,3,6539,FALSE,"Syverson-Blois"
"TEMP670",NA,5231,"event",714,624,45678,NA,3,6539,FALSE,"Syverson-Blois"
"TEMP671",NA,5232,"bounds",804,604,45678,NA,3,6539,FALSE,"Syverson-Blois"
"TEMP672",NA,5232,"event",734,674,45678,NA,3,6539,FALSE,"Syverson-Blois"
"TEMP673",NA,5235,"bounds",20500,13800,45678,NA,3,6539,FALSE,"Syverson-Blois"
"TEMP674",NA,5235,"event",18700,16300,45678,NA,3,6539,FALSE,"Syverson-Blois"
"TEMP675",NA,5236,"bounds",15314,11354,45678,NA,3,6539,FALSE,"Syverson-Blois"
"TEMP676",NA,5236,"event",14054,12654,45678,NA,3,6539,FALSE,"Syverson-Blois"
"TEMP677",NA,5237,"bounds",11994,1024,45678,NA,3,6539,FALSE,"Syverson-Blois"
"TEMP678",NA,5237,"event",8624,4384,45678,NA,3,6539,FALSE,"Syverson-Blois"
"TEMP679",NA,5239,"bounds",2694,0,45683,NA,3,6539,FALSE,"Syverson-Blois"
"TEMP680",NA,5239,"event",2624,0,45683,NA,3,6539,FALSE,"Syverson-Blois"
"TEMP681",NA,5240,"bounds",844,-75,45678,"younger age limits truncated at publication date (2025 CE)",3,6539,FALSE,"Syverson-Blois"
"TEMP682",NA,5240,"event",524,194,45678,NA,3,6539,FALSE,"Syverson-Blois"
"TEMP683",NA,5243,"bounds",2714,294,45678,NA,3,6539,FALSE,"Syverson-Blois"
"TEMP684",NA,5243,"event",1974,1034,45678,NA,3,6539,FALSE,"Syverson-Blois"
"TEMP685",NA,5246,"bounds",10134,7884,45678,NA,3,6539,FALSE,"Syverson-Blois"
"TEMP686",NA,5246,"event",9384,8534,45678,NA,3,6539,FALSE,"Syverson-Blois"
"TEMP687",NA,5259,"bounds",36164,25464,45678,NA,3,6539,FALSE,"Syverson-Blois"
"TEMP688",NA,5259,"event",32594,29114,45678,NA,3,6539,FALSE,"Syverson-Blois"
"TEMP689",NA,5312,"bounds",6744,3354,45683,NA,3,6539,FALSE,"Syverson-Blois"
"TEMP690",NA,5312,"event",6434,4054,45683,NA,3,6539,FALSE,"Syverson-Blois"
"TEMP691",NA,5313,"bounds",967,-75,45683,"younger age limits truncated at publication date (2025 CE)",3,6539,FALSE,"Syverson-Blois"
"TEMP692",NA,5313,"event",632,84,45683,NA,3,6539,FALSE,"Syverson-Blois"
"TEMP693",NA,5314,"bounds",13394,-56,45683,NA,3,6539,FALSE,"Syverson-Blois"
"TEMP694",NA,5314,"event",13034,234,45683,NA,3,6539,FALSE,"Syverson-Blois"
"TEMP695",NA,5322,"bounds",2024,1144,45678,NA,3,6539,FALSE,"Syverson-Blois"
"TEMP696",NA,5322,"event",1744,1404,45678,NA,3,6539,FALSE,"Syverson-Blois"
"TEMP697",NA,5324,"bounds",804,434,45678,NA,3,6539,FALSE,"Syverson-Blois"
"TEMP698",NA,5324,"event",674,564,45678,NA,3,6539,FALSE,"Syverson-Blois"
"TEMP699",NA,5326,"bounds",704,254,45678,NA,3,6539,FALSE,"Syverson-Blois"
"TEMP700",NA,5326,"event",554,414,45678,NA,3,6539,FALSE,"Syverson-Blois"
"TEMP701",NA,5327,"bounds",1094,24,45678,NA,3,6539,FALSE,"Syverson-Blois"
"TEMP702",NA,5327,"event",714,404,45678,NA,3,6539,FALSE,"Syverson-Blois"
"TEMP703",NA,5328,"bounds",7544,5854,45678,NA,3,6539,FALSE,"Syverson-Blois"
"TEMP704",NA,5328,"event",6974,6424,45678,NA,3,6539,FALSE,"Syverson-Blois"
"TEMP705",NA,5331,"bounds",12624,324,45678,NA,3,6539,FALSE,"Syverson-Blois"
"TEMP706",NA,5331,"event",8764,4144,45678,NA,3,6539,FALSE,"Syverson-Blois"
"TEMP707",NA,5334,"bounds",12194,10074,45678,NA,3,6539,FALSE,"Syverson-Blois"
"TEMP708",NA,5334,"event",11514,10794,45678,NA,3,6539,FALSE,"Syverson-Blois"
"TEMP709",NA,5335,"bounds",3034,2004,45678,NA,3,6539,FALSE,"Syverson-Blois"
"TEMP710",NA,5335,"event",2694,2354,45678,NA,3,6539,FALSE,"Syverson-Blois"
"TEMP711",NA,5340,"bounds",14984,2074,45678,NA,3,6539,FALSE,"Syverson-Blois"
"TEMP712",NA,5340,"event",11044,5994,45678,NA,3,6539,FALSE,"Syverson-Blois"
"TEMP713",NA,5343,"bounds",17100,5400,45678,NA,3,6539,FALSE,"Syverson-Blois"
"TEMP714",NA,5343,"event",13100,9300,45678,NA,3,6539,FALSE,"Syverson-Blois"
"TEMP715",NA,5347,"bounds",1854,1264,45678,NA,3,6539,FALSE,"Syverson-Blois"
"TEMP716",NA,5347,"event",1654,1434,45678,NA,3,6539,FALSE,"Syverson-Blois"
"TEMP717",NA,5352,"bounds",1034,294,45678,NA,3,6539,FALSE,"Syverson-Blois"
"TEMP718",NA,5352,"event",784,554,45678,NA,3,6539,FALSE,"Syverson-Blois"
"TEMP719",NA,5356,"bounds",1164,414,45678,NA,3,6539,FALSE,"Syverson-Blois"
"TEMP720",NA,5356,"event",914,674,45678,NA,3,6539,FALSE,"Syverson-Blois"
"TEMP721",NA,5363,"bounds",674,174,45678,NA,3,6539,FALSE,"Syverson-Blois"
"TEMP722",NA,5363,"event",524,334,45678,NA,3,6539,FALSE,"Syverson-Blois"
"TEMP723",NA,5365,"bounds",5184,2544,45678,NA,3,6539,FALSE,"Syverson-Blois"
"TEMP724",NA,5365,"event",4314,3314,45678,NA,3,6539,FALSE,"Syverson-Blois"
"TEMP727",NA,5385,"bounds",1224,594,45678,NA,3,6539,FALSE,"Syverson-Blois"
"TEMP728",NA,5385,"event",1004,804,45678,NA,3,6539,FALSE,"Syverson-Blois"
"TEMP729",NA,5386,"bounds",13644,13144,45678,NA,3,6539,FALSE,"Syverson-Blois"
"TEMP730",NA,5386,"event",13494,13314,45678,NA,3,6539,FALSE,"Syverson-Blois"
"TEMP731",NA,5387,"bounds",884,154,45678,NA,3,6539,FALSE,"Syverson-Blois"
"TEMP732",NA,5387,"event",634,404,45678,NA,3,6539,FALSE,"Syverson-Blois"
"TEMP733",NA,5389,"bounds",7864,0,45683,NA,3,6539,FALSE,"Syverson-Blois"
"TEMP734",NA,5389,"event",7064,0,45683,NA,3,6539,FALSE,"Syverson-Blois"
"TEMP735",NA,5395,"bounds",1494,564,45678,NA,3,6539,FALSE,"Syverson-Blois"
"TEMP736",NA,5395,"event",1184,874,45678,NA,3,6539,FALSE,"Syverson-Blois"
"TEMP737",NA,5396,"bounds",1654,674,45678,NA,3,6539,FALSE,"Syverson-Blois"
"TEMP738",NA,5396,"event",1324,1014,45678,NA,3,6539,FALSE,"Syverson-Blois"
"TEMP739",NA,5417,"bounds",23804,-75,45678,"younger age limits truncated at publication date (2025 CE)",3,6539,FALSE,"Syverson-Blois"
"TEMP740",NA,5417,"event",16044,5814,45678,NA,3,6539,FALSE,"Syverson-Blois"
"TEMP741",NA,5419,"bounds",1344,964,45678,NA,3,6539,FALSE,"Syverson-Blois"
"TEMP742",NA,5419,"event",1224,1094,45678,NA,3,6539,FALSE,"Syverson-Blois"
"TEMP743",NA,5420,"bounds",3344,-75,45678,"younger age limits truncated at publication date (2025 CE)",3,6539,FALSE,"Syverson-Blois"
"TEMP744",NA,5420,"event",2234,804,45678,NA,3,6539,FALSE,"Syverson-Blois"
"TEMP745",NA,5421,"bounds",31844,26954,45678,NA,3,6539,FALSE,"Syverson-Blois"
"TEMP746",NA,5421,"event",30174,28604,45678,NA,3,6539,FALSE,"Syverson-Blois"
"TEMP747",NA,5422,"bounds",17644,15694,45678,NA,3,6539,FALSE,"Syverson-Blois"
"TEMP748",NA,5422,"event",16994,16344,45678,NA,3,6539,FALSE,"Syverson-Blois"
"TEMP749",NA,5440,"bounds",3804,3104,45678,NA,3,6539,FALSE,"Syverson-Blois"
"TEMP750",NA,5440,"event",3574,3334,45678,NA,3,6539,FALSE,"Syverson-Blois"
"TEMP751",NA,5449,"bounds",674,434,45678,NA,3,6539,FALSE,"Syverson-Blois"
"TEMP752",NA,5449,"event",604,504,45678,NA,3,6539,FALSE,"Syverson-Blois"
"TEMP753",NA,5453,"bounds",2174,464,45683,NA,3,6539,FALSE,"Syverson-Blois"
"TEMP754",NA,5453,"event",1594,1034,45683,NA,3,6539,FALSE,"Syverson-Blois"
"TEMP755",NA,5472,"bounds",14454,644,45683,NA,3,6539,FALSE,"Syverson-Blois"
"TEMP756",NA,5472,"event",11714,944,45683,NA,3,6539,FALSE,"Syverson-Blois"
"TEMP757",NA,5475,"bounds",1524,554,45678,NA,3,6539,FALSE,"Syverson-Blois"
"TEMP758",NA,5475,"event",1204,884,45678,NA,3,6539,FALSE,"Syverson-Blois"
"TEMP759",NA,5476,"bounds",964,754,45678,NA,3,6539,FALSE,"Syverson-Blois"
"TEMP760",NA,5476,"event",904,814,45678,NA,3,6539,FALSE,"Syverson-Blois"
"TEMP761",NA,5479,"bounds",654,554,45678,NA,3,6539,FALSE,"Syverson-Blois"
"TEMP762",NA,5479,"event",634,574,45678,NA,3,6539,FALSE,"Syverson-Blois"
"TEMP763",NA,5480,"bounds",8104,6444,45678,NA,3,6539,FALSE,"Syverson-Blois"
"TEMP764",NA,5480,"event",7594,7014,45678,NA,3,6539,FALSE,"Syverson-Blois"
"TEMP765",NA,5481,"bounds",1944,-6,45683,NA,3,6539,FALSE,"Syverson-Blois"
"TEMP766",NA,5481,"event",1274,604,45683,NA,3,6539,FALSE,"Syverson-Blois"
"TEMP767",NA,5487,"bounds",2914,2054,45678,NA,3,6539,FALSE,"Syverson-Blois"
"TEMP768",NA,5487,"event",2634,2344,45678,NA,3,6539,FALSE,"Syverson-Blois"
"TEMP769",NA,5488,"bounds",1784,1654,45678,NA,3,6539,FALSE,"Syverson-Blois"
"TEMP770",NA,5488,"event",1754,1694,45678,NA,3,6539,FALSE,"Syverson-Blois"
"TEMP771",NA,5492,"bounds",894,354,45678,NA,3,6539,FALSE,"Syverson-Blois"
"TEMP772",NA,5492,"event",704,544,45678,NA,3,6539,FALSE,"Syverson-Blois"
"TEMP773",NA,5493,"bounds",1824,44,45683,NA,3,6539,FALSE,"Syverson-Blois"
"TEMP774",NA,5493,"event",1504,564,45683,NA,3,6539,FALSE,"Syverson-Blois"
"TEMP775",NA,5495,"bounds",10974,-36,45683,NA,3,6539,FALSE,"Syverson-Blois"
"TEMP776",NA,5495,"event",9944,0,45683,NA,3,6539,FALSE,"Syverson-Blois"
"TEMP777",NA,5496,"bounds",1214,804,45678,NA,3,6539,FALSE,"Syverson-Blois"
"TEMP778",NA,5496,"event",1074,944,45678,NA,3,6539,FALSE,"Syverson-Blois"
"TEMP779",NA,5497,"bounds",954,804,45678,NA,3,6539,FALSE,"Syverson-Blois"
"TEMP780",NA,5497,"event",914,844,45678,NA,3,6539,FALSE,"Syverson-Blois"
"TEMP781",NA,5498,"bounds",1644,314,45678,NA,3,6539,FALSE,"Syverson-Blois"
"TEMP782",NA,5498,"event",1194,764,45678,NA,3,6539,FALSE,"Syverson-Blois"
"TEMP783",NA,5499,"bounds",11700,464,45683,NA,3,6539,FALSE,"Syverson-Blois"
"TEMP784",NA,5499,"event",11700,734,45683,NA,3,6539,FALSE,"Syverson-Blois"
"TEMP785",NA,5517,"bounds",37244,27084,45678,NA,3,6539,FALSE,"Syverson-Blois"
"TEMP786",NA,5517,"event",34194,30234,45678,NA,3,6539,FALSE,"Syverson-Blois"
"TEMP787",NA,5518,"bounds",14984,13064,45678,NA,3,6539,FALSE,"Syverson-Blois"
"TEMP788",NA,5518,"event",14304,13724,45678,NA,3,6539,FALSE,"Syverson-Blois"
"TEMP789",NA,5532,"bounds",724,664,45678,NA,3,6539,FALSE,"Syverson-Blois"
"TEMP790",NA,5532,"event",704,684,45678,NA,3,6539,FALSE,"Syverson-Blois"
"TEMP791",NA,5534,"bounds",694,654,45678,NA,3,6539,FALSE,"Syverson-Blois"
"TEMP792",NA,5534,"event",684,664,45678,NA,3,6539,FALSE,"Syverson-Blois"
"TEMP793",NA,5536,"bounds",2414,1914,45678,NA,3,6539,FALSE,"Syverson-Blois"
"TEMP794",NA,5536,"event",2264,2074,45678,NA,3,6539,FALSE,"Syverson-Blois"
"TEMP795",NA,5540,"bounds",1714,1474,45678,NA,3,6539,FALSE,"Syverson-Blois"
"TEMP796",NA,5540,"event",1634,1554,45678,NA,3,6539,FALSE,"Syverson-Blois"
"TEMP797",NA,5543,"bounds",9394,5634,45678,NA,3,6539,FALSE,"Syverson-Blois"
"TEMP798",NA,5543,"event",8144,6754,45678,NA,3,6539,FALSE,"Syverson-Blois"
"TEMP799",NA,5547,"bounds",8000,484,45683,NA,3,6539,FALSE,"Syverson-Blois"
"TEMP800",NA,5547,"event",8000,564,45683,NA,3,6539,FALSE,"Syverson-Blois"
"TEMP801",NA,5580,"bounds",10974,-46,45683,NA,3,6539,FALSE,"Syverson-Blois"
"TEMP802",NA,5580,"event",10544,264,45683,NA,3,6539,FALSE,"Syverson-Blois"
"TEMP803",NA,5584,"bounds",9884,9474,45678,NA,3,6539,FALSE,"Syverson-Blois"
"TEMP804",NA,5584,"event",9744,9574,45678,NA,3,6539,FALSE,"Syverson-Blois"
"TEMP805",NA,5585,"bounds",14664,9454,45678,NA,3,6539,FALSE,"Syverson-Blois"
"TEMP806",NA,5585,"event",13044,11024,45678,NA,3,6539,FALSE,"Syverson-Blois"
"TEMP807",NA,5586,"bounds",12944,424,45683,NA,3,6539,FALSE,"Syverson-Blois"
"TEMP808",NA,5586,"event",11754,804,45683,NA,3,6539,FALSE,"Syverson-Blois"
"TEMP809",NA,5588,"bounds",15800,7800,45683,NA,3,6539,FALSE,"Syverson-Blois"
"TEMP810",NA,5588,"event",15200,9100,45683,NA,3,6539,FALSE,"Syverson-Blois"
"TEMP811",NA,5590,"bounds",6364,0,45683,NA,3,6539,FALSE,"Syverson-Blois"
"TEMP812",NA,5590,"event",5904,0,45683,NA,3,6539,FALSE,"Syverson-Blois"
"TEMP813",NA,5593,"bounds",13244,214,45683,NA,3,6539,FALSE,"Syverson-Blois"
"TEMP814",NA,5593,"event",12944,2174,45683,NA,3,6539,FALSE,"Syverson-Blois"
"TEMP815",NA,5594,"bounds",11024,34,45683,NA,3,6539,FALSE,"Syverson-Blois"
"TEMP816",NA,5594,"event",10264,344,45683,NA,3,6539,FALSE,"Syverson-Blois"
"TEMP817",NA,5601,"bounds",17054,11700,45683,NA,3,6539,FALSE,"Syverson-Blois"
"TEMP818",NA,5601,"event",16314,11700,45683,NA,3,6539,FALSE,"Syverson-Blois"
"TEMP819",NA,5602,"bounds",28000,800,45683,NA,3,6539,FALSE,"Syverson-Blois"
"TEMP820",NA,5602,"event",27400,1300,45683,NA,3,6539,FALSE,"Syverson-Blois"
"TEMP821",NA,5603,"bounds",62600,-75,45683,"younger age limits truncated at publication date (2025 CE)",3,6539,FALSE,"Syverson-Blois"
"TEMP822",NA,5603,"event",42000,15800,45683,NA,3,6539,FALSE,"Syverson-Blois"
"TEMP823",NA,5604,"bounds",41500,-75,45683,"younger age limits truncated at publication date (2025 CE)",3,6539,FALSE,"Syverson-Blois"
"TEMP824",NA,5604,"event",39200,900,45683,NA,3,6539,FALSE,"Syverson-Blois"
"TEMP825",NA,5606,"bounds",6000,0,45683,NA,3,6539,FALSE,"Syverson-Blois"
"TEMP826",NA,5606,"event",6000,0,45683,NA,3,6539,FALSE,"Syverson-Blois"
"TEMP827",NA,5607,"bounds",16744,6964,45678,NA,3,6539,FALSE,"Syverson-Blois"
"TEMP828",NA,5607,"event",13754,9964,45678,NA,3,6539,FALSE,"Syverson-Blois"
"TEMP829",NA,5608,"bounds",11574,8554,45678,NA,3,6539,FALSE,"Syverson-Blois"
"TEMP830",NA,5608,"event",10594,9524,45678,NA,3,6539,FALSE,"Syverson-Blois"
"TEMP831",NA,5610,"bounds",20094,0,45683,NA,3,6539,FALSE,"Syverson-Blois"
"TEMP832",NA,5610,"event",17424,0,45683,NA,3,6539,FALSE,"Syverson-Blois"
"TEMP833",NA,5611,"bounds",11254,2434,45683,NA,3,6539,FALSE,"Syverson-Blois"
"TEMP834",NA,5611,"event",9954,2994,45683,NA,3,6539,FALSE,"Syverson-Blois"
"TEMP835",NA,5612,"bounds",13564,2804,45683,NA,3,6539,FALSE,"Syverson-Blois"
"TEMP836",NA,5612,"event",11974,3404,45683,NA,3,6539,FALSE,"Syverson-Blois"
"TEMP837",NA,5613,"bounds",12254,2834,45683,NA,3,6539,FALSE,"Syverson-Blois"
"TEMP838",NA,5613,"event",10714,3364,45683,NA,3,6539,FALSE,"Syverson-Blois"
"TEMP839",NA,5614,"bounds",16904,0,45683,NA,3,6539,FALSE,"Syverson-Blois"
"TEMP840",NA,5614,"event",13314,0,45683,NA,3,6539,FALSE,"Syverson-Blois"
"TEMP841",NA,5615,"bounds",15244,1334,45683,NA,3,6539,FALSE,"Syverson-Blois"
"TEMP842",NA,5615,"event",14374,1544,45683,NA,3,6539,FALSE,"Syverson-Blois"
"TEMP843",NA,5616,"bounds",22384,12704,45678,NA,3,6539,FALSE,"Syverson-Blois"
"TEMP844",NA,5616,"event",19034,15994,45678,NA,3,6539,FALSE,"Syverson-Blois"
"TEMP845",NA,5617,"bounds",18054,12514,45678,NA,3,6539,FALSE,"Syverson-Blois"
"TEMP846",NA,5617,"event",16214,14334,45678,NA,3,6539,FALSE,"Syverson-Blois"
"TEMP847",NA,5618,"bounds",14384,10424,45678,NA,3,6539,FALSE,"Syverson-Blois"
"TEMP848",NA,5618,"event",13054,11764,45678,NA,3,6539,FALSE,"Syverson-Blois"
"TEMP849",NA,5619,"bounds",10764,8454,45678,NA,3,6539,FALSE,"Syverson-Blois"
"TEMP850",NA,5619,"event",9984,9234,45678,NA,3,6539,FALSE,"Syverson-Blois"
"TEMP851",NA,5620,"bounds",15094,12624,45678,NA,3,6539,FALSE,"Syverson-Blois"
"TEMP852",NA,5620,"event",14244,13474,45678,NA,3,6539,FALSE,"Syverson-Blois"
"TEMP853",NA,5621,"bounds",15804,9854,45678,NA,3,6539,FALSE,"Syverson-Blois"
"TEMP854",NA,5621,"event",13744,11884,45678,NA,3,6539,FALSE,"Syverson-Blois"
"TEMP855",NA,5622,"bounds",58000,8700,45683,NA,3,6539,FALSE,"Syverson-Blois"
"TEMP856",NA,5622,"event",49200,10800,45683,NA,3,6539,FALSE,"Syverson-Blois"
"TEMP857",NA,5623,"bounds",44200,0,45683,NA,3,6539,FALSE,"Syverson-Blois"
"TEMP858",NA,5623,"event",34500,0,45683,NA,3,6539,FALSE,"Syverson-Blois"
"TEMP859",NA,5625,"bounds",50900,-75,45683,"younger age limits truncated at publication date (2025 CE)",3,6539,FALSE,"Syverson-Blois"
"TEMP860",NA,5625,"event",40500,0,45683,NA,3,6539,FALSE,"Syverson-Blois"
"TEMP861",NA,5628,"bounds",21000,0,45683,NA,3,6539,FALSE,"Syverson-Blois"
"TEMP862",NA,5628,"event",21000,0,45683,NA,3,6539,FALSE,"Syverson-Blois"
"TEMP863",NA,5640,"bounds",51700,20900,45678,NA,3,6539,FALSE,"Syverson-Blois"
"TEMP864",NA,5640,"event",40700,31200,45678,NA,3,6539,FALSE,"Syverson-Blois"
"TEMP865",NA,5641,"bounds",3374,2454,45678,NA,3,6539,FALSE,"Syverson-Blois"
"TEMP866",NA,5641,"event",3064,2764,45678,NA,3,6539,FALSE,"Syverson-Blois"
"TEMP867",NA,5642,"bounds",20724,12494,45678,NA,3,6539,FALSE,"Syverson-Blois"
"TEMP868",NA,5642,"event",17954,15224,45678,NA,3,6539,FALSE,"Syverson-Blois"
"TEMP869",NA,5643,"bounds",15774,13004,45678,NA,3,6539,FALSE,"Syverson-Blois"
"TEMP870",NA,5643,"event",14854,13924,45678,NA,3,6539,FALSE,"Syverson-Blois"
"TEMP871",NA,5644,"bounds",18034,14514,45678,NA,3,6539,FALSE,"Syverson-Blois"
"TEMP872",NA,5644,"event",16844,15704,45678,NA,3,6539,FALSE,"Syverson-Blois"
"TEMP873",NA,5645,"bounds",17484,12204,45678,NA,3,6539,FALSE,"Syverson-Blois"
"TEMP874",NA,5645,"event",15704,13954,45678,NA,3,6539,FALSE,"Syverson-Blois"
"TEMP875",NA,5646,"bounds",23384,604,45678,NA,3,6539,FALSE,"Syverson-Blois"
"TEMP876",NA,5646,"event",16154,7844,45678,NA,3,6539,FALSE,"Syverson-Blois"
"TEMP877",NA,5647,"bounds",17404,11524,45678,NA,3,6539,FALSE,"Syverson-Blois"
"TEMP878",NA,5647,"event",15454,13474,45678,NA,3,6539,FALSE,"Syverson-Blois"
"TEMP879",NA,5648,"bounds",2464,764,45678,NA,3,6539,FALSE,"Syverson-Blois"
"TEMP880",NA,5648,"event",1884,1344,45678,NA,3,6539,FALSE,"Syverson-Blois"
"TEMP881",NA,5649,"bounds",33300,21400,45678,NA,3,6539,FALSE,"Syverson-Blois"
"TEMP882",NA,5649,"event",29200,25500,45678,NA,3,6539,FALSE,"Syverson-Blois"
"TEMP883",NA,5650,"bounds",8294,6334,45678,NA,3,6539,FALSE,"Syverson-Blois"
"TEMP884",NA,5650,"event",7634,6994,45678,NA,3,6539,FALSE,"Syverson-Blois"
"TEMP885",NA,5651,"bounds",11854,7954,45678,NA,3,6539,FALSE,"Syverson-Blois"
"TEMP886",NA,5651,"event",10544,9264,45678,NA,3,6539,FALSE,"Syverson-Blois"
"TEMP887",NA,5652,"bounds",12944,11244,45678,NA,3,6539,FALSE,"Syverson-Blois"
"TEMP888",NA,5652,"event",12404,11814,45678,NA,3,6539,FALSE,"Syverson-Blois"
"TEMP889",NA,5653,"bounds",13424,11464,45678,NA,3,6539,FALSE,"Syverson-Blois"
"TEMP890",NA,5653,"event",12894,12044,45678,NA,3,6539,FALSE,"Syverson-Blois"
"TEMP891",NA,5654,"bounds",10534,8244,45678,NA,3,6539,FALSE,"Syverson-Blois"
"TEMP892",NA,5654,"event",9824,9004,45678,NA,3,6539,FALSE,"Syverson-Blois"
"TEMP893",NA,5655,"bounds",10264,6294,45678,NA,3,6539,FALSE,"Syverson-Blois"
"TEMP894",NA,5655,"event",8974,7614,45678,NA,3,6539,FALSE,"Syverson-Blois"
"TEMP895",NA,5656,"bounds",11064,7824,45678,NA,3,6539,FALSE,"Syverson-Blois"
"TEMP896",NA,5656,"event",9984,8914,45678,NA,3,6539,FALSE,"Syverson-Blois"
"TEMP897",NA,5657,"bounds",9854,7894,45678,NA,3,6539,FALSE,"Syverson-Blois"
"TEMP898",NA,5657,"event",9214,8544,45678,NA,3,6539,FALSE,"Syverson-Blois"
"TEMP899",NA,5658,"bounds",12294,9624,45678,NA,3,6539,FALSE,"Syverson-Blois"
"TEMP900",NA,5658,"event",11384,10534,45678,NA,3,6539,FALSE,"Syverson-Blois"
"TEMP901",NA,5659,"bounds",19514,15614,45678,NA,3,6539,FALSE,"Syverson-Blois"
"TEMP902",NA,5659,"event",18174,16954,45678,NA,3,6539,FALSE,"Syverson-Blois"
"TEMP903",NA,5660,"bounds",16044,10994,45678,NA,3,6539,FALSE,"Syverson-Blois"
"TEMP904",NA,5660,"event",14324,12734,45678,NA,3,6539,FALSE,"Syverson-Blois"
"TEMP905",NA,5662,"bounds",16084,7444,45678,NA,3,6539,FALSE,"Syverson-Blois"
"TEMP906",NA,5662,"event",13474,10374,45678,NA,3,6539,FALSE,"Syverson-Blois"
"TEMP907",NA,5663,"bounds",18434,7784,45678,NA,3,6539,FALSE,"Syverson-Blois"
"TEMP908",NA,5663,"event",14824,11324,45678,NA,3,6539,FALSE,"Syverson-Blois"
"TEMP909",NA,5664,"bounds",16224,9734,45678,NA,3,6539,FALSE,"Syverson-Blois"
"TEMP910",NA,5664,"event",14004,11944,45678,NA,3,6539,FALSE,"Syverson-Blois"
"TEMP911",NA,5665,"bounds",13264,10674,45678,NA,3,6539,FALSE,"Syverson-Blois"
"TEMP912",NA,5665,"event",12434,11504,45678,NA,3,6539,FALSE,"Syverson-Blois"
"TEMP913",NA,5666,"bounds",24584,19904,45678,NA,3,6539,FALSE,"Syverson-Blois"
"TEMP914",NA,5666,"event",22994,21484,45678,NA,3,6539,FALSE,"Syverson-Blois"
"TEMP915",NA,5667,"bounds",27384,23144,45678,NA,3,6539,FALSE,"Syverson-Blois"
"TEMP916",NA,5667,"event",25944,24574,45678,NA,3,6539,FALSE,"Syverson-Blois"
"TEMP917",NA,5668,"bounds",12874,10374,45678,NA,3,6539,FALSE,"Syverson-Blois"
"TEMP918",NA,5668,"event",12024,11234,45678,NA,3,6539,FALSE,"Syverson-Blois"
"TEMP919",NA,5669,"bounds",14284,12624,45678,NA,3,6539,FALSE,"Syverson-Blois"
"TEMP920",NA,5669,"event",13724,13194,45678,NA,3,6539,FALSE,"Syverson-Blois"
"TEMP921",NA,5670,"bounds",13734,11794,45678,NA,3,6539,FALSE,"Syverson-Blois"
"TEMP922",NA,5670,"event",13064,12454,45678,NA,3,6539,FALSE,"Syverson-Blois"
"TEMP923",NA,5671,"bounds",18554,14944,45678,NA,3,6539,FALSE,"Syverson-Blois"
"TEMP924",NA,5671,"event",17324,16174,45678,NA,3,6539,FALSE,"Syverson-Blois"
"TEMP925",NA,5672,"bounds",13424,11004,45678,NA,3,6539,FALSE,"Syverson-Blois"
"TEMP926",NA,5672,"event",12624,11824,45678,NA,3,6539,FALSE,"Syverson-Blois"
"TEMP927",NA,5673,"bounds",12884,10264,45678,NA,3,6539,FALSE,"Syverson-Blois"
"TEMP928",NA,5673,"event",11994,11144,45678,NA,3,6539,FALSE,"Syverson-Blois"
"TEMP929",NA,5674,"bounds",14784,12474,45678,NA,3,6539,FALSE,"Syverson-Blois"
"TEMP930",NA,5674,"event",13984,13264,45678,NA,3,6539,FALSE,"Syverson-Blois"
"TEMP931",NA,5675,"bounds",13894,10194,45678,NA,3,6539,FALSE,"Syverson-Blois"
"TEMP932",NA,5675,"event",12664,11434,45678,NA,3,6539,FALSE,"Syverson-Blois"
"TEMP933",NA,5676,"bounds",15624,13924,45678,NA,3,6539,FALSE,"Syverson-Blois"
"TEMP934",NA,5676,"event",15154,14404,45678,NA,3,6539,FALSE,"Syverson-Blois"
"TEMP935",NA,5677,"bounds",6504,5554,45678,NA,3,6539,FALSE,"Syverson-Blois"
"TEMP936",NA,5677,"event",6184,5874,45678,NA,3,6539,FALSE,"Syverson-Blois"
"TEMP937",NA,5678,"bounds",1194,604,45678,NA,3,6539,FALSE,"Syverson-Blois"
"TEMP938",NA,5678,"event",984,804,45678,NA,3,6539,FALSE,"Syverson-Blois"
"TEMP939",NA,5679,"bounds",1264,514,45678,NA,3,6539,FALSE,"Syverson-Blois"
"TEMP940",NA,5679,"event",1004,774,45678,NA,3,6539,FALSE,"Syverson-Blois"
"TEMP941",NA,5680,"bounds",4294,3044,45678,NA,3,6539,FALSE,"Syverson-Blois"
"TEMP942",NA,5680,"event",3864,3474,45678,NA,3,6539,FALSE,"Syverson-Blois"
"TEMP943",NA,5681,"bounds",4284,3154,45678,NA,3,6539,FALSE,"Syverson-Blois"
"TEMP944",NA,5681,"event",3904,3534,45678,NA,3,6539,FALSE,"Syverson-Blois"
"TEMP945",NA,5682,"bounds",2904,1894,45678,NA,3,6539,FALSE,"Syverson-Blois"
"TEMP946",NA,5682,"event",2574,2224,45678,NA,3,6539,FALSE,"Syverson-Blois"
"TEMP947",NA,5683,"bounds",9014,7774,45678,NA,3,6539,FALSE,"Syverson-Blois"
"TEMP948",NA,5683,"event",8574,8204,45678,NA,3,6539,FALSE,"Syverson-Blois"
"TEMP949",NA,5684,"bounds",12794,9994,45678,NA,3,6539,FALSE,"Syverson-Blois"
"TEMP950",NA,5684,"event",11824,10934,45678,NA,3,6539,FALSE,"Syverson-Blois"
"TEMP951",NA,5685,"bounds",19414,15944,45678,NA,3,6539,FALSE,"Syverson-Blois"
"TEMP952",NA,5685,"event",18234,17114,45678,NA,3,6539,FALSE,"Syverson-Blois"
"TEMP953",NA,5686,"bounds",11474,10524,45678,NA,3,6539,FALSE,"Syverson-Blois"
"TEMP954",NA,5686,"event",11184,10804,45678,NA,3,6539,FALSE,"Syverson-Blois"
"TEMP955",NA,5687,"bounds",41400,27100,45678,NA,3,6539,FALSE,"Syverson-Blois"
"TEMP956",NA,5687,"event",36500,31900,45678,NA,3,6539,FALSE,"Syverson-Blois"
"TEMP957",NA,5688,"bounds",2224,14,45678,NA,3,6539,FALSE,"Syverson-Blois"
"TEMP958",NA,5688,"event",1474,764,45678,NA,3,6539,FALSE,"Syverson-Blois"
"TEMP959",NA,5689,"bounds",29604,23004,45678,NA,3,6539,FALSE,"Syverson-Blois"
"TEMP960",NA,5689,"event",27364,25244,45678,NA,3,6539,FALSE,"Syverson-Blois"
"TEMP961",NA,5690,"bounds",26424,17434,45678,NA,3,6539,FALSE,"Syverson-Blois"
"TEMP962",NA,5690,"event",23374,20424,45678,NA,3,6539,FALSE,"Syverson-Blois"
"TEMP963",NA,5691,"bounds",19074,13584,45678,NA,3,6539,FALSE,"Syverson-Blois"
"TEMP964",NA,5691,"event",17194,15464,45678,NA,3,6539,FALSE,"Syverson-Blois"
"TEMP965",NA,5692,"bounds",21800,6500,45683,NA,3,6539,FALSE,"Syverson-Blois"
"TEMP966",NA,5692,"event",16600,11600,45683,NA,3,6539,FALSE,"Syverson-Blois"
"TEMP967",NA,5699,"bounds",1524,814,45678,NA,3,6539,FALSE,"Syverson-Blois"
"TEMP968",NA,5699,"event",1284,1054,45678,NA,3,6539,FALSE,"Syverson-Blois"
"TEMP969",NA,5700,"bounds",2344,894,45683,NA,3,6539,FALSE,"Syverson-Blois"
"TEMP970",NA,5700,"event",1994,1194,45683,NA,3,6539,FALSE,"Syverson-Blois"
"TEMP971",NA,5701,"bounds",2214,1254,45678,NA,3,6539,FALSE,"Syverson-Blois"
"TEMP972",NA,5701,"event",1884,1574,45678,NA,3,6539,FALSE,"Syverson-Blois"
"TEMP973",NA,5704,"bounds",1824,664,45678,NA,3,6539,FALSE,"Syverson-Blois"
"TEMP974",NA,5704,"event",1414,1054,45678,NA,3,6539,FALSE,"Syverson-Blois"
"TEMP975",NA,5707,"bounds",26504,22704,45678,NA,3,6539,FALSE,"Syverson-Blois"
"TEMP976",NA,5707,"event",25214,23974,45678,NA,3,6539,FALSE,"Syverson-Blois"
"TEMP977",NA,5708,"bounds",11700,74,45683,NA,3,6539,FALSE,"Syverson-Blois"
"TEMP978",NA,5708,"event",11700,654,45683,NA,3,6539,FALSE,"Syverson-Blois"
"TEMP979",NA,5709,"bounds",4114,2624,45678,NA,3,6539,FALSE,"Syverson-Blois"
"TEMP980",NA,5709,"event",3594,3124,45678,NA,3,6539,FALSE,"Syverson-Blois"
"TEMP981",NA,5710,"bounds",26504,-75,45678,"younger age limits truncated at publication date (2025 CE)",3,6539,FALSE,"Syverson-Blois"
"TEMP982",NA,5710,"event",17884,7104,45678,NA,3,6539,FALSE,"Syverson-Blois"
"TEMP983",NA,5711,"bounds",11700,3184,45683,NA,3,6539,FALSE,"Syverson-Blois"
"TEMP984",NA,5711,"event",11700,3507,45683,NA,3,6539,FALSE,"Syverson-Blois"
"TEMP985",NA,5720,"bounds",47800,26100,45678,NA,3,6539,FALSE,"Syverson-Blois"
"TEMP986",NA,5720,"event",40500,33400,45678,NA,3,6539,FALSE,"Syverson-Blois"
"TEMP987",NA,5721,"bounds",5094,1804,45678,NA,3,6539,FALSE,"Syverson-Blois"
"TEMP988",NA,5721,"event",4044,2844,45678,NA,3,6539,FALSE,"Syverson-Blois"
"TEMP989",NA,5722,"bounds",6284,0,45683,NA,3,6539,FALSE,"Syverson-Blois"
"TEMP990",NA,5722,"event",5294,0,45683,NA,3,6539,FALSE,"Syverson-Blois"
"TEMP991",NA,5723,"bounds",56400,9600,45683,NA,3,6539,FALSE,"Syverson-Blois"
"TEMP992",NA,5723,"event",46900,13300,45683,NA,3,6539,FALSE,"Syverson-Blois"
"TEMP993",NA,5725,"bounds",13764,12744,45678,NA,3,6539,FALSE,"Syverson-Blois"
"TEMP994",NA,5725,"event",13464,13104,45678,NA,3,6539,FALSE,"Syverson-Blois"
"TEMP995",NA,5727,"bounds",15474,12434,45678,NA,3,6539,FALSE,"Syverson-Blois"
"TEMP996",NA,5727,"event",14464,13444,45678,NA,3,6539,FALSE,"Syverson-Blois"
"TEMP997",NA,5728,"bounds",19484,17244,45678,NA,3,6539,FALSE,"Syverson-Blois"
"TEMP998",NA,5728,"event",18714,17994,45678,NA,3,6539,FALSE,"Syverson-Blois"
"TEMP999",NA,5731,"bounds",4314,2384,45678,NA,3,6539,FALSE,"Syverson-Blois"
"TEMP1000",NA,5731,"event",3664,3034,45678,NA,3,6539,FALSE,"Syverson-Blois"
"TEMP1001",NA,5733,"bounds",19254,16034,45678,NA,3,6539,FALSE,"Syverson-Blois"
"TEMP1002",NA,5733,"event",18154,17134,45678,NA,3,6539,FALSE,"Syverson-Blois"
"TEMP1003",NA,5737,"bounds",13564,11694,45678,NA,3,6539,FALSE,"Syverson-Blois"
"TEMP1004",NA,5737,"event",12924,12324,45678,NA,3,6539,FALSE,"Syverson-Blois"
"TEMP1005",NA,5740,"bounds",8254,574,45678,NA,3,6539,FALSE,"Syverson-Blois"
"TEMP1006",NA,5740,"event",5894,2914,45678,NA,3,6539,FALSE,"Syverson-Blois"
"TEMP1007",NA,5744,"bounds",7044,5384,45678,NA,3,6539,FALSE,"Syverson-Blois"
"TEMP1008",NA,5744,"event",6484,5954,45678,NA,3,6539,FALSE,"Syverson-Blois"
"TEMP1009",NA,5745,"bounds",2244,1124,45678,NA,3,6539,FALSE,"Syverson-Blois"
"TEMP1010",NA,5745,"event",1864,1504,45678,NA,3,6539,FALSE,"Syverson-Blois"
"TEMP1011",NA,5746,"bounds",2394,-75,45678,"younger age limits truncated at publication date (2025 CE)",3,6539,FALSE,"Syverson-Blois"
"TEMP1012",NA,5746,"event",1384,424,45678,NA,3,6539,FALSE,"Syverson-Blois"
"TEMP1013",NA,5747,"bounds",46500,28600,45683,NA,3,6539,FALSE,"Syverson-Blois"
"TEMP1014",NA,5747,"event",40500,31800,45683,NA,3,6539,FALSE,"Syverson-Blois"
"TEMP1015",NA,5756,"bounds",9000,0,45683,NA,3,6539,FALSE,"Syverson-Blois"
"TEMP1016",NA,5756,"event",9000,0,45683,NA,3,6539,FALSE,"Syverson-Blois"
"TEMP1017",NA,5757,"bounds",12834,6474,45683,NA,3,6539,FALSE,"Syverson-Blois"
"TEMP1018",NA,5757,"event",11774,6804,45683,NA,3,6539,FALSE,"Syverson-Blois"
"TEMP1019",NA,5760,"bounds",8994,7314,45678,NA,3,6539,FALSE,"Syverson-Blois"
"TEMP1020",NA,5760,"event",8424,7884,45678,NA,3,6539,FALSE,"Syverson-Blois"
"TEMP1021",NA,5762,"bounds",9674,7984,45678,NA,3,6539,FALSE,"Syverson-Blois"
"TEMP1022",NA,5762,"event",9104,8544,45678,NA,3,6539,FALSE,"Syverson-Blois"
"TEMP1023",NA,5763,"bounds",3574,1074,45678,NA,3,6539,FALSE,"Syverson-Blois"
"TEMP1024",NA,5763,"event",2714,1914,45678,NA,3,6539,FALSE,"Syverson-Blois"
"TEMP1025",NA,5768,"bounds",6000,844,45683,NA,3,6539,FALSE,"Syverson-Blois"
"TEMP1026",NA,5768,"event",6000,1184,45683,NA,3,6539,FALSE,"Syverson-Blois"
"TEMP1027",NA,5770,"bounds",18400,400,45683,NA,3,6539,FALSE,"Syverson-Blois"
"TEMP1028",NA,5770,"event",15000,5700,45683,NA,3,6539,FALSE,"Syverson-Blois"
"TEMP1029",NA,5774,"bounds",35600,21300,45678,NA,3,6539,FALSE,"Syverson-Blois"
"TEMP1030",NA,5774,"event",30700,26200,45678,NA,3,6539,FALSE,"Syverson-Blois"
"TEMP1031",NA,5775,"bounds",15784,12874,45678,NA,3,6539,FALSE,"Syverson-Blois"
"TEMP1032",NA,5775,"event",14824,13834,45678,NA,3,6539,FALSE,"Syverson-Blois"
"TEMP1033",NA,5776,"bounds",25304,18474,45678,NA,3,6539,FALSE,"Syverson-Blois"
"TEMP1034",NA,5776,"event",22954,20784,45678,NA,3,6539,FALSE,"Syverson-Blois"
"TEMP1035",NA,5777,"bounds",24124,19854,45678,NA,3,6539,FALSE,"Syverson-Blois"
"TEMP1036",NA,5777,"event",22664,21304,45678,NA,3,6539,FALSE,"Syverson-Blois"
"TEMP1037",NA,5779,"bounds",10074,9084,45678,NA,3,6539,FALSE,"Syverson-Blois"
"TEMP1038",NA,5779,"event",9774,9414,45678,NA,3,6539,FALSE,"Syverson-Blois"
"TEMP1039",NA,5780,"bounds",12324,7944,45678,NA,3,6539,FALSE,"Syverson-Blois"
"TEMP1040",NA,5780,"event",10824,9434,45678,NA,3,6539,FALSE,"Syverson-Blois"
"TEMP1041",NA,5781,"bounds",19084,14294,45678,NA,3,6539,FALSE,"Syverson-Blois"
"TEMP1042",NA,5781,"event",17444,15944,45678,NA,3,6539,FALSE,"Syverson-Blois"
"TEMP1043",NA,5782,"bounds",16784,14614,45678,NA,3,6539,FALSE,"Syverson-Blois"
"TEMP1044",NA,5782,"event",16184,15434,45678,NA,3,6539,FALSE,"Syverson-Blois"
"TEMP1045",NA,5783,"bounds",13144,10954,45678,NA,3,6539,FALSE,"Syverson-Blois"
"TEMP1046",NA,5783,"event",12434,11674,45678,NA,3,6539,FALSE,"Syverson-Blois"
"TEMP1047",NA,5784,"bounds",10114,8804,45678,NA,3,6539,FALSE,"Syverson-Blois"
"TEMP1048",NA,5784,"event",9654,9264,45678,NA,3,6539,FALSE,"Syverson-Blois"
"TEMP1049",NA,5785,"bounds",8844,6534,45678,NA,3,6539,FALSE,"Syverson-Blois"
"TEMP1050",NA,5785,"event",8044,7334,45678,NA,3,6539,FALSE,"Syverson-Blois"
"TEMP1051",NA,5786,"bounds",3474,0,45683,NA,3,6539,FALSE,"Syverson-Blois"
"TEMP1052",NA,5786,"event",3234,0,45683,NA,3,6539,FALSE,"Syverson-Blois"
"TEMP1053",NA,5787,"bounds",644,-46,45678,NA,3,6539,FALSE,"Syverson-Blois"
"TEMP1054",NA,5787,"event",424,204,45678,NA,3,6539,FALSE,"Syverson-Blois"
"TEMP1055",NA,5788,"bounds",15224,12244,45678,NA,3,6539,FALSE,"Syverson-Blois"
"TEMP1056",NA,5788,"event",14144,13134,45678,NA,3,6539,FALSE,"Syverson-Blois"
"TEMP1057",NA,5795,"bounds",3394,0,45683,NA,3,6539,FALSE,"Syverson-Blois"
"TEMP1058",NA,5795,"event",3184,0,45683,NA,3,6539,FALSE,"Syverson-Blois"
"TEMP1059",NA,5808,"bounds",56900,9700,45683,NA,3,6539,FALSE,"Syverson-Blois"
"TEMP1060",NA,5808,"event",43300,12900,45683,NA,3,6539,FALSE,"Syverson-Blois"
"TEMP1061",NA,5811,"bounds",6154,3564,45678,NA,3,6539,FALSE,"Syverson-Blois"
"TEMP1062",NA,5811,"event",5284,4434,45678,NA,3,6539,FALSE,"Syverson-Blois"
"TEMP1063",NA,5814,"bounds",13694,237,45683,NA,3,6539,FALSE,"Syverson-Blois"
"TEMP1064",NA,5814,"event",12594,2092,45683,NA,3,6539,FALSE,"Syverson-Blois"
"TEMP1065",NA,5817,"bounds",6834,34,45683,NA,3,6539,FALSE,"Syverson-Blois"
"TEMP1066",NA,5817,"event",6104,1424,45683,NA,3,6539,FALSE,"Syverson-Blois"
"TEMP1067",NA,5827,"bounds",2704,1884,45678,NA,3,6539,FALSE,"Syverson-Blois"
"TEMP1068",NA,5827,"event",2474,2114,45678,NA,3,6539,FALSE,"Syverson-Blois"
"TEMP1069",NA,5828,"bounds",4604,274,45683,NA,3,6539,FALSE,"Syverson-Blois"
"TEMP1070",NA,5828,"event",3954,304,45683,NA,3,6539,FALSE,"Syverson-Blois"
"TEMP1071",NA,5829,"bounds",2544,654,45683,NA,3,6539,FALSE,"Syverson-Blois"
"TEMP1072",NA,5829,"event",1944,672,45683,NA,3,6539,FALSE,"Syverson-Blois"
"TEMP1073",NA,5830,"bounds",12914,12064,45678,NA,3,6539,FALSE,"Syverson-Blois"
"TEMP1074",NA,5830,"event",12624,12344,45678,NA,3,6539,FALSE,"Syverson-Blois"
"TEMP1075",NA,5832,"bounds",1994,1904,45678,NA,3,6539,FALSE,"Syverson-Blois"
"TEMP1076",NA,5832,"event",1974,1934,45678,NA,3,6539,FALSE,"Syverson-Blois"
"TEMP1077",NA,5833,"bounds",2454,1984,45678,NA,3,6539,FALSE,"Syverson-Blois"
"TEMP1078",NA,5833,"event",2314,2144,45678,NA,3,6539,FALSE,"Syverson-Blois"
"TEMP1079",NA,5834,"bounds",2914,2164,45678,NA,3,6539,FALSE,"Syverson-Blois"
"TEMP1080",NA,5834,"event",2674,2404,45678,NA,3,6539,FALSE,"Syverson-Blois"
"TEMP1081",NA,5835,"bounds",2284,1764,45678,NA,3,6539,FALSE,"Syverson-Blois"
"TEMP1082",NA,5835,"event",2114,1924,45678,NA,3,6539,FALSE,"Syverson-Blois"
"TEMP1083",NA,5836,"bounds",2404,2124,45678,NA,3,6539,FALSE,"Syverson-Blois"
"TEMP1084",NA,5836,"event",2324,2204,45678,NA,3,6539,FALSE,"Syverson-Blois"
"TEMP1085",NA,5837,"bounds",3004,2144,45678,NA,3,6539,FALSE,"Syverson-Blois"
"TEMP1086",NA,5837,"event",2734,2414,45678,NA,3,6539,FALSE,"Syverson-Blois"
"TEMP1087",NA,5838,"bounds",2344,1614,45678,NA,3,6539,FALSE,"Syverson-Blois"
"TEMP1088",NA,5838,"event",2114,1844,45678,NA,3,6539,FALSE,"Syverson-Blois"
"TEMP1089",NA,5839,"bounds",2314,1134,45678,NA,3,6539,FALSE,"Syverson-Blois"
"TEMP1090",NA,5839,"event",1934,1524,45678,NA,3,6539,FALSE,"Syverson-Blois"
"TEMP1091",NA,5840,"bounds",2634,2094,45678,NA,3,6539,FALSE,"Syverson-Blois"
"TEMP1092",NA,5840,"event",2454,2284,45678,NA,3,6539,FALSE,"Syverson-Blois"
"TEMP1093",NA,5841,"bounds",2364,1814,45678,NA,3,6539,FALSE,"Syverson-Blois"
"TEMP1094",NA,5841,"event",2184,1994,45678,NA,3,6539,FALSE,"Syverson-Blois"
"TEMP1095",NA,5843,"bounds",2584,1764,45678,NA,3,6539,FALSE,"Syverson-Blois"
"TEMP1096",NA,5843,"event",2314,2034,45678,NA,3,6539,FALSE,"Syverson-Blois"
"TEMP1097",NA,5845,"bounds",2304,984,45678,NA,3,6539,FALSE,"Syverson-Blois"
"TEMP1098",NA,5845,"event",1874,1384,45678,NA,3,6539,FALSE,"Syverson-Blois"
"TEMP1099",NA,5846,"bounds",27474,934,45678,NA,3,6539,FALSE,"Syverson-Blois"
"TEMP1100",NA,5846,"event",19134,9224,45678,NA,3,6539,FALSE,"Syverson-Blois"
"TEMP1101",NA,5882,"bounds",15604,11064,45683,NA,3,6539,FALSE,"Syverson-Blois"
"TEMP1102",NA,5882,"event",14824,12644,45683,NA,3,6539,FALSE,"Syverson-Blois"
"TEMP1103",NA,5895,"bounds",1264,484,45678,NA,3,6539,FALSE,"Syverson-Blois"
"TEMP1104",NA,5895,"event",994,754,45678,NA,3,6539,FALSE,"Syverson-Blois"
"TEMP1105",NA,5896,"bounds",1154,754,45678,NA,3,6539,FALSE,"Syverson-Blois"
"TEMP1106",NA,5896,"event",1024,884,45678,NA,3,6539,FALSE,"Syverson-Blois"
"TEMP1107",NA,5914,"bounds",14624,10404,45678,NA,3,6539,FALSE,"Syverson-Blois"
"TEMP1108",NA,5914,"event",13204,11814,45678,NA,3,6539,FALSE,"Syverson-Blois"
"TEMP1109",NA,5915,"bounds",20974,1414,45683,NA,3,6539,FALSE,"Syverson-Blois"
"TEMP1110",NA,5915,"event",15014,5744,45683,NA,3,6539,FALSE,"Syverson-Blois"
"TEMP1111",NA,5916,"bounds",19834,7524,45678,NA,3,6539,FALSE,"Syverson-Blois"
"TEMP1112",NA,5916,"event",16064,11254,45678,NA,3,6539,FALSE,"Syverson-Blois"
"TEMP1113",NA,5918,"bounds",20264,7254,45678,NA,3,6539,FALSE,"Syverson-Blois"
"TEMP1114",NA,5918,"event",16124,11364,45678,NA,3,6539,FALSE,"Syverson-Blois"
"TEMP1115",NA,5919,"bounds",43700,10700,45678,NA,3,6539,FALSE,"Syverson-Blois"
"TEMP1116",NA,5919,"event",33300,20700,45678,NA,3,6539,FALSE,"Syverson-Blois"
"TEMP1117",NA,5920,"bounds",46900,-75,45678,"younger age limits truncated at publication date (2025 CE)",3,6539,FALSE,"Syverson-Blois"
"TEMP1118",NA,5920,"event",31900,14600,45678,NA,3,6539,FALSE,"Syverson-Blois"
"TEMP1119",NA,5921,"bounds",54600,25300,45678,NA,3,6539,FALSE,"Syverson-Blois"
"TEMP1120",NA,5921,"event",44500,34900,45678,NA,3,6539,FALSE,"Syverson-Blois"
"TEMP1121",NA,5922,"bounds",15554,13574,45678,NA,3,6539,FALSE,"Syverson-Blois"
"TEMP1122",NA,5922,"event",14954,14184,45678,NA,3,6539,FALSE,"Syverson-Blois"
"TEMP1123",NA,5924,"bounds",26574,22114,45678,NA,3,6539,FALSE,"Syverson-Blois"
"TEMP1124",NA,5924,"event",25084,23604,45678,NA,3,6539,FALSE,"Syverson-Blois"
"TEMP1125",NA,5929,"bounds",10814,-75,45678,"younger age limits truncated at publication date (2025 CE)",3,6539,FALSE,"Syverson-Blois"
"TEMP1126",NA,5929,"event",7474,3154,45678,NA,3,6539,FALSE,"Syverson-Blois"
"TEMP1127",NA,5934,"bounds",594,304,45678,NA,3,6539,FALSE,"Syverson-Blois"
"TEMP1128",NA,5934,"event",504,384,45678,NA,3,6539,FALSE,"Syverson-Blois"
"TEMP1129",NA,5935,"bounds",1844,994,45678,NA,3,6539,FALSE,"Syverson-Blois"
"TEMP1130",NA,5935,"event",1554,1294,45678,NA,3,6539,FALSE,"Syverson-Blois"
"TEMP1131",NA,5937,"bounds",554,294,45678,NA,3,6539,FALSE,"Syverson-Blois"
"TEMP1132",NA,5937,"event",474,364,45678,NA,3,6539,FALSE,"Syverson-Blois"
"TEMP1133",NA,5939,"bounds",11700,-75,45683,"younger age limits truncated at publication date (2025 CE)",3,6539,FALSE,"Syverson-Blois"
"TEMP1134",NA,5939,"event",11700,484,45683,NA,3,6539,FALSE,"Syverson-Blois"
"TEMP1135",NA,5941,"bounds",16934,10714,45678,NA,3,6539,FALSE,"Syverson-Blois"
"TEMP1136",NA,5941,"event",14844,12824,45678,NA,3,6539,FALSE,"Syverson-Blois"
"TEMP1137",NA,5942,"bounds",13864,12084,45678,NA,3,6539,FALSE,"Syverson-Blois"
"TEMP1138",NA,5942,"event",13244,12714,45678,NA,3,6539,FALSE,"Syverson-Blois"
"TEMP1139",NA,5943,"bounds",12464,10184,45678,NA,3,6539,FALSE,"Syverson-Blois"
"TEMP1140",NA,5943,"event",11704,10944,45678,NA,3,6539,FALSE,"Syverson-Blois"
"TEMP1141",NA,5948,"bounds",8774,7594,45678,NA,3,6539,FALSE,"Syverson-Blois"
"TEMP1142",NA,5948,"event",8374,8004,45678,NA,3,6539,FALSE,"Syverson-Blois"
"TEMP1143",NA,5949,"bounds",15554,10124,45678,NA,3,6539,FALSE,"Syverson-Blois"
"TEMP1144",NA,5949,"event",13684,11964,45678,NA,3,6539,FALSE,"Syverson-Blois"
"TEMP1145",NA,5950,"bounds",19264,6584,45678,NA,3,6539,FALSE,"Syverson-Blois"
"TEMP1146",NA,5950,"event",15074,10684,45678,NA,3,6539,FALSE,"Syverson-Blois"
"TEMP1147",NA,5951,"bounds",17284,11804,45678,NA,3,6539,FALSE,"Syverson-Blois"
"TEMP1148",NA,5951,"event",15454,13644,45678,NA,3,6539,FALSE,"Syverson-Blois"
"TEMP1149",NA,5953,"bounds",22814,21924,45678,NA,3,6539,FALSE,"Syverson-Blois"
"TEMP1150",NA,5953,"event",22504,22234,45678,NA,3,6539,FALSE,"Syverson-Blois"
"TEMP1151",NA,5957,"bounds",25144,20064,45678,NA,3,6539,FALSE,"Syverson-Blois"
"TEMP1152",NA,5957,"event",23424,21784,45678,NA,3,6539,FALSE,"Syverson-Blois"
"TEMP1153",NA,5960,"bounds",55800,4500,45678,NA,3,6539,FALSE,"Syverson-Blois"
"TEMP1154",NA,5960,"event",38900,20700,45678,NA,3,6539,FALSE,"Syverson-Blois"
"TEMP1155",NA,5964,"bounds",3462,54,45683,NA,3,6539,FALSE,"Syverson-Blois"
"TEMP1156",NA,5964,"event",2662,314,45683,NA,3,6539,FALSE,"Syverson-Blois"
"TEMP1157",NA,5965,"bounds",1234,14,45683,NA,3,6539,FALSE,"Syverson-Blois"
"TEMP1158",NA,5965,"event",884,254,45683,NA,3,6539,FALSE,"Syverson-Blois"
"TEMP1159",NA,5970,"bounds",824,264,45678,NA,3,6539,FALSE,"Syverson-Blois"
"TEMP1160",NA,5970,"event",634,464,45678,NA,3,6539,FALSE,"Syverson-Blois"
"TEMP1161",NA,5971,"bounds",4734,3604,45678,NA,3,6539,FALSE,"Syverson-Blois"
"TEMP1162",NA,5971,"event",4344,3994,45678,NA,3,6539,FALSE,"Syverson-Blois"
"TEMP1163",NA,5983,"bounds",6000,-75,45683,"younger age limits truncated at publication date (2025 CE)",3,6539,FALSE,"Syverson-Blois"
"TEMP1164",NA,5983,"event",6000,354,45683,NA,3,6539,FALSE,"Syverson-Blois"
"TEMP1165",NA,5984,"bounds",6000,0,45683,NA,3,6539,FALSE,"Syverson-Blois"
"TEMP1166",NA,5984,"event",6000,0,45683,NA,3,6539,FALSE,"Syverson-Blois"
"TEMP1167",NA,5988,"bounds",54600,9400,45683,NA,3,6539,FALSE,"Syverson-Blois"
"TEMP1168",NA,5988,"event",43300,12800,45683,NA,3,6539,FALSE,"Syverson-Blois"
"TEMP1169",NA,5990,"bounds",14384,13204,45678,NA,3,6539,FALSE,"Syverson-Blois"
"TEMP1170",NA,5990,"event",14004,13604,45678,NA,3,6539,FALSE,"Syverson-Blois"
"TEMP1171",NA,5991,"bounds",31314,27634,45678,NA,3,6539,FALSE,"Syverson-Blois"
"TEMP1172",NA,5991,"event",30054,28894,45678,NA,3,6539,FALSE,"Syverson-Blois"
"TEMP1173",NA,5993,"bounds",15944,12434,45678,NA,3,6539,FALSE,"Syverson-Blois"
"TEMP1174",NA,5993,"event",14774,13594,45678,NA,3,6539,FALSE,"Syverson-Blois"
"TEMP1175",NA,5995,"bounds",14800,3214,45683,NA,3,6539,FALSE,"Syverson-Blois"
"TEMP1176",NA,5995,"event",14800,3274,45683,NA,3,6539,FALSE,"Syverson-Blois"
"TEMP1177",NA,5996,"bounds",904,644,45678,NA,3,6539,FALSE,"Syverson-Blois"
"TEMP1178",NA,5996,"event",824,714,45678,NA,3,6539,FALSE,"Syverson-Blois"
"TEMP1179",NA,5997,"bounds",3814,674,45678,NA,3,6539,FALSE,"Syverson-Blois"
"TEMP1180",NA,5997,"event",2854,1634,45678,NA,3,6539,FALSE,"Syverson-Blois"
"TEMP1181",NA,5998,"bounds",2214,1364,45678,NA,3,6539,FALSE,"Syverson-Blois"
"TEMP1182",NA,5998,"event",1924,1654,45678,NA,3,6539,FALSE,"Syverson-Blois"
"TEMP1183",NA,5999,"bounds",3504,354,45678,NA,3,6539,FALSE,"Syverson-Blois"
"TEMP1184",NA,5999,"event",2554,1314,45678,NA,3,6539,FALSE,"Syverson-Blois"
"TEMP1185",NA,6000,"bounds",1724,724,45678,NA,3,6539,FALSE,"Syverson-Blois"
"TEMP1186",NA,6000,"event",1374,1064,45678,NA,3,6539,FALSE,"Syverson-Blois"
"TEMP1187",NA,6001,"bounds",1664,874,45678,NA,3,6539,FALSE,"Syverson-Blois"
"TEMP1188",NA,6001,"event",1384,1144,45678,NA,3,6539,FALSE,"Syverson-Blois"
"TEMP1189",NA,6002,"bounds",27864,24424,45678,NA,3,6539,FALSE,"Syverson-Blois"
"TEMP1190",NA,6002,"event",26724,25524,45678,NA,3,6539,FALSE,"Syverson-Blois"
"TEMP1191",NA,6005,"bounds",4194,414,45683,NA,3,6539,FALSE,"Syverson-Blois"
"TEMP1192",NA,6005,"event",3754,564,45683,NA,3,6539,FALSE,"Syverson-Blois"
"TEMP1193",NA,6006,"bounds",3484,2944,45678,NA,3,6539,FALSE,"Syverson-Blois"
"TEMP1194",NA,6006,"event",3314,3134,45678,NA,3,6539,FALSE,"Syverson-Blois"
"TEMP1195",NA,6007,"bounds",6000,0,45683,NA,3,6539,FALSE,"Syverson-Blois"
"TEMP1196",NA,6007,"event",6000,0,45683,NA,3,6539,FALSE,"Syverson-Blois"
"TEMP1197",NA,6008,"bounds",5184,524,45683,NA,3,6539,FALSE,"Syverson-Blois"
"TEMP1198",NA,6008,"event",4764,564,45683,NA,3,6539,FALSE,"Syverson-Blois"
"TEMP1199",NA,6009,"bounds",1334,614,45678,NA,3,6539,FALSE,"Syverson-Blois"
"TEMP1200",NA,6009,"event",1144,814,45678,NA,3,6539,FALSE,"Syverson-Blois"
"TEMP1201",NA,6010,"bounds",6000,0,45683,NA,3,6539,FALSE,"Syverson-Blois"
"TEMP1202",NA,6010,"event",6000,0,45683,NA,3,6539,FALSE,"Syverson-Blois"
"TEMP1203",NA,6011,"bounds",6000,-26,45683,NA,3,6539,FALSE,"Syverson-Blois"
"TEMP1204",NA,6011,"event",6000,114,45683,NA,3,6539,FALSE,"Syverson-Blois"
"TEMP1205",NA,6013,"bounds",3534,504,45683,NA,3,6539,FALSE,"Syverson-Blois"
"TEMP1206",NA,6013,"event",3124,594,45683,NA,3,6539,FALSE,"Syverson-Blois"
"TEMP1207",NA,6014,"bounds",5074,2354,45683,NA,3,6539,FALSE,"Syverson-Blois"
"TEMP1208",NA,6014,"event",4804,2874,45683,NA,3,6539,FALSE,"Syverson-Blois"
"TEMP1209",NA,6015,"bounds",4084,4,45683,NA,3,6539,FALSE,"Syverson-Blois"
"TEMP1210",NA,6015,"event",3684,114,45683,NA,3,6539,FALSE,"Syverson-Blois"
"TEMP1211",NA,6017,"bounds",8314,0,45683,NA,3,6539,FALSE,"Syverson-Blois"
"TEMP1212",NA,6017,"event",7874,0,45683,NA,3,6539,FALSE,"Syverson-Blois"
"TEMP1213",NA,6018,"bounds",2744,-75,45683,"younger age limits truncated at publication date (2025 CE)",3,6539,FALSE,"Syverson-Blois"
"TEMP1214",NA,6018,"event",2254,114,45683,NA,3,6539,FALSE,"Syverson-Blois"
"TEMP1215",NA,6019,"bounds",1454,374,45678,NA,3,6539,FALSE,"Syverson-Blois"
"TEMP1216",NA,6019,"event",1084,734,45678,NA,3,6539,FALSE,"Syverson-Blois"
"TEMP1217",NA,6020,"bounds",6064,0,45683,NA,3,6539,FALSE,"Syverson-Blois"
"TEMP1218",NA,6020,"event",5074,0,45683,NA,3,6539,FALSE,"Syverson-Blois"
"TEMP1219",NA,6021,"bounds",6714,-75,45683,"younger age limits truncated at publication date (2025 CE)",3,6539,FALSE,"Syverson-Blois"
"TEMP1220",NA,6021,"event",6000,314,45683,NA,3,6539,FALSE,"Syverson-Blois"
"TEMP1221",NA,6022,"bounds",6000,0,45683,NA,3,6539,FALSE,"Syverson-Blois"
"TEMP1222",NA,6022,"event",6000,0,45683,NA,3,6539,FALSE,"Syverson-Blois"
"TEMP1223",NA,6023,"bounds",6000,104,45683,NA,3,6539,FALSE,"Syverson-Blois"
"TEMP1224",NA,6023,"event",6000,264,45683,NA,3,6539,FALSE,"Syverson-Blois"
"TEMP1225",NA,6024,"bounds",1724,1134,45678,NA,3,6539,FALSE,"Syverson-Blois"
"TEMP1226",NA,6024,"event",1524,1334,45678,NA,3,6539,FALSE,"Syverson-Blois"
"TEMP1227",NA,6034,"bounds",11700,0,45683,NA,3,6539,FALSE,"Syverson-Blois"
"TEMP1228",NA,6034,"event",11700,0,45683,NA,3,6539,FALSE,"Syverson-Blois"
"TEMP1229",NA,6035,"bounds",6000,0,45683,NA,3,6539,FALSE,"Syverson-Blois"
"TEMP1230",NA,6035,"event",6000,0,45683,NA,3,6539,FALSE,"Syverson-Blois"
"TEMP1231",NA,6036,"bounds",7434,14,45683,NA,3,6539,FALSE,"Syverson-Blois"
"TEMP1232",NA,6036,"event",7024,254,45683,NA,3,6539,FALSE,"Syverson-Blois"
"TEMP1233",NA,6039,"bounds",1974,764,45678,NA,3,6539,FALSE,"Syverson-Blois"
"TEMP1234",NA,6039,"event",1554,1184,45678,NA,3,6539,FALSE,"Syverson-Blois"
"TEMP1235",NA,6047,"bounds",1954,74,45678,NA,3,6539,FALSE,"Syverson-Blois"
"TEMP1236",NA,6047,"event",1314,714,45678,NA,3,6539,FALSE,"Syverson-Blois"
"TEMP1237",NA,6048,"bounds",2354,-66,45678,NA,3,6539,FALSE,"Syverson-Blois"
"TEMP1238",NA,6048,"event",1524,754,45678,NA,3,6539,FALSE,"Syverson-Blois"
"TEMP1239",NA,6049,"bounds",824,204,45678,NA,3,6539,FALSE,"Syverson-Blois"
"TEMP1240",NA,6049,"event",634,394,45678,NA,3,6539,FALSE,"Syverson-Blois"
"TEMP1241",NA,6050,"bounds",1404,444,45678,NA,3,6539,FALSE,"Syverson-Blois"
"TEMP1242",NA,6050,"event",1074,764,45678,NA,3,6539,FALSE,"Syverson-Blois"
"TEMP1243",NA,6052,"bounds",1554,454,45678,NA,3,6539,FALSE,"Syverson-Blois"
"TEMP1244",NA,6052,"event",1194,824,45678,NA,3,6539,FALSE,"Syverson-Blois"
"TEMP1245",NA,6073,"bounds",2544,1034,45678,NA,3,6539,FALSE,"Syverson-Blois"
"TEMP1246",NA,6073,"event",2024,1534,45678,NA,3,6539,FALSE,"Syverson-Blois"
"TEMP1247",NA,6075,"bounds",1544,1314,45678,NA,3,6539,FALSE,"Syverson-Blois"
"TEMP1248",NA,6075,"event",1474,1384,45678,NA,3,6539,FALSE,"Syverson-Blois"
"TEMP1249",NA,6083,"bounds",1944,1374,45678,NA,3,6539,FALSE,"Syverson-Blois"
"TEMP1250",NA,6083,"event",1784,1534,45678,NA,3,6539,FALSE,"Syverson-Blois"
"TEMP1251",NA,6136,"bounds",46574,7884,45678,NA,3,6539,FALSE,"Syverson-Blois"
"TEMP1252",NA,6136,"event",34704,19704,45678,NA,3,6539,FALSE,"Syverson-Blois"
"TEMP1253",NA,6137,"bounds",17304,9164,45683,NA,3,6539,FALSE,"Syverson-Blois"
"TEMP1254",NA,6137,"event",16284,10274,45683,NA,3,6539,FALSE,"Syverson-Blois"
"TEMP1255",NA,6138,"bounds",20814,11614,45683,NA,3,6539,FALSE,"Syverson-Blois"
"TEMP1256",NA,6138,"event",18554,12344,45683,NA,3,6539,FALSE,"Syverson-Blois"
"TEMP1257",NA,6144,"bounds",764,224,45678,NA,3,6539,FALSE,"Syverson-Blois"
"TEMP1258",NA,6144,"event",594,404,45678,NA,3,6539,FALSE,"Syverson-Blois"
"TEMP1259",NA,6147,"bounds",44100,18800,45678,NA,3,6539,FALSE,"Syverson-Blois"
"TEMP1260",NA,6147,"event",36000,26900,45678,NA,3,6539,FALSE,"Syverson-Blois"
"TEMP1261",NA,6148,"bounds",55400,17200,45678,NA,3,6539,FALSE,"Syverson-Blois"
"TEMP1262",NA,6148,"event",42600,29100,45678,NA,3,6539,FALSE,"Syverson-Blois"
"TEMP1263",NA,6149,"bounds",16174,1,45683,NA,3,6539,FALSE,"Syverson-Blois"
"TEMP1264",NA,6149,"event",14894,1,45683,NA,3,6539,FALSE,"Syverson-Blois"
"TEMP1265",NA,6150,"bounds",11700,0,45683,NA,3,6539,FALSE,"Syverson-Blois"
"TEMP1266",NA,6150,"event",11700,0,45683,NA,3,6539,FALSE,"Syverson-Blois"
"TEMP1267",NA,6159,"bounds",1684,14,45678,NA,3,6539,FALSE,"Syverson-Blois"
"TEMP1268",NA,6159,"event",1124,574,45678,NA,3,6539,FALSE,"Syverson-Blois"
"TEMP1269",NA,6160,"bounds",1054,84,45678,NA,3,6539,FALSE,"Syverson-Blois"
"TEMP1270",NA,6160,"event",714,424,45678,NA,3,6539,FALSE,"Syverson-Blois"
"TEMP1271",NA,6167,"bounds",1064,634,45678,NA,3,6539,FALSE,"Syverson-Blois"
"TEMP1272",NA,6167,"event",914,774,45678,NA,3,6539,FALSE,"Syverson-Blois"
"TEMP1273",NA,6168,"bounds",11274,4644,45678,NA,3,6539,FALSE,"Syverson-Blois"
"TEMP1274",NA,6168,"event",9064,6884,45678,NA,3,6539,FALSE,"Syverson-Blois"
"TEMP1275",NA,6170,"bounds",11700,7414,45683,NA,3,6539,FALSE,"Syverson-Blois"
"TEMP1276",NA,6170,"event",11700,7834,45683,NA,3,6539,FALSE,"Syverson-Blois"
"TEMP1277",NA,6171,"bounds",774,94,45678,NA,3,6539,FALSE,"Syverson-Blois"
"TEMP1278",NA,6171,"event",564,334,45678,NA,3,6539,FALSE,"Syverson-Blois"
"TEMP1279",NA,6175,"bounds",2724,-75,45678,"younger age limits truncated at publication date (2025 CE)",3,6539,FALSE,"Syverson-Blois"
"TEMP1280",NA,6175,"event",1704,494,45678,NA,3,6539,FALSE,"Syverson-Blois"
"TEMP1281",NA,6176,"bounds",1624,744,45678,NA,3,6539,FALSE,"Syverson-Blois"
"TEMP1282",NA,6176,"event",1324,1034,45678,NA,3,6539,FALSE,"Syverson-Blois"
"TEMP1283",NA,6181,"bounds",1424,414,45678,NA,3,6539,FALSE,"Syverson-Blois"
"TEMP1284",NA,6181,"event",1084,754,45678,NA,3,6539,FALSE,"Syverson-Blois"
"TEMP1285",NA,6191,"bounds",17254,1,45683,NA,3,6539,FALSE,"Syverson-Blois"
"TEMP1286",NA,6191,"event",13914,1,45683,NA,3,6539,FALSE,"Syverson-Blois"
"TEMP1287",NA,6192,"bounds",35000,-36,45683,NA,3,6539,FALSE,"Syverson-Blois"
"TEMP1288",NA,6192,"event",35000,0,45683,NA,3,6539,FALSE,"Syverson-Blois"
"TEMP1289",NA,6193,"bounds",13364,11954,45678,NA,3,6539,FALSE,"Syverson-Blois"
"TEMP1290",NA,6193,"event",12874,12454,45678,NA,3,6539,FALSE,"Syverson-Blois"
"TEMP1291",NA,6194,"bounds",1154,904,45678,NA,3,6539,FALSE,"Syverson-Blois"
"TEMP1292",NA,6194,"event",1064,984,45678,NA,3,6539,FALSE,"Syverson-Blois"
"TEMP1293",NA,6196,"bounds",10474,7304,45678,NA,3,6539,FALSE,"Syverson-Blois"
"TEMP1294",NA,6196,"event",9404,8384,45678,NA,3,6539,FALSE,"Syverson-Blois"
"TEMP1295",NA,6197,"bounds",8864,0,45683,NA,3,6539,FALSE,"Syverson-Blois"
"TEMP1296",NA,6197,"event",8394,0,45683,NA,3,6539,FALSE,"Syverson-Blois"
"TEMP1297",NA,6198,"bounds",4034,0,45683,NA,3,6539,FALSE,"Syverson-Blois"
"TEMP1298",NA,6198,"event",3504,0,45683,NA,3,6539,FALSE,"Syverson-Blois"
"TEMP1299",NA,6206,"bounds",3324,444,45678,NA,3,6539,FALSE,"Syverson-Blois"
"TEMP1300",NA,6206,"event",2394,1304,45678,NA,3,6539,FALSE,"Syverson-Blois"
"TEMP1301",NA,6207,"bounds",12614,4934,45678,NA,3,6539,FALSE,"Syverson-Blois"
"TEMP1302",NA,6207,"event",10154,7264,45678,NA,3,6539,FALSE,"Syverson-Blois"
"TEMP1303",NA,6212,"bounds",984,484,45678,NA,3,6539,FALSE,"Syverson-Blois"
"TEMP1304",NA,6212,"event",814,664,45678,NA,3,6539,FALSE,"Syverson-Blois"
"TEMP1305",NA,6213,"bounds",6934,1,45683,NA,3,6539,FALSE,"Syverson-Blois"
"TEMP1306",NA,6213,"event",6094,1,45683,NA,3,6539,FALSE,"Syverson-Blois"
"TEMP1307",NA,6218,"bounds",844,564,45678,NA,3,6539,FALSE,"Syverson-Blois"
"TEMP1308",NA,6218,"event",744,654,45678,NA,3,6539,FALSE,"Syverson-Blois"
"TEMP1309",NA,6220,"bounds",814,644,45678,NA,3,6539,FALSE,"Syverson-Blois"
"TEMP1310",NA,6220,"event",754,694,45678,NA,3,6539,FALSE,"Syverson-Blois"
"TEMP1311",NA,6221,"bounds",1234,514,45678,NA,3,6539,FALSE,"Syverson-Blois"
"TEMP1312",NA,6221,"event",984,764,45678,NA,3,6539,FALSE,"Syverson-Blois"
"TEMP1313",NA,6222,"bounds",3884,2454,45678,NA,3,6539,FALSE,"Syverson-Blois"
"TEMP1314",NA,6222,"event",3394,2944,45678,NA,3,6539,FALSE,"Syverson-Blois"
"TEMP1315",NA,6223,"bounds",1400,1,45678,NA,3,6539,FALSE,"Syverson-Blois"
"TEMP1316",NA,6223,"event",1400,1,45678,NA,3,6539,FALSE,"Syverson-Blois"
"TEMP1317",NA,6226,"bounds",4244,764,45678,NA,3,6539,FALSE,"Syverson-Blois"
"TEMP1318",NA,6226,"event",3154,1844,45678,NA,3,6539,FALSE,"Syverson-Blois"
"TEMP1319",NA,6234,"bounds",6324,5774,45678,NA,3,6539,FALSE,"Syverson-Blois"
"TEMP1320",NA,6234,"event",6174,5944,45678,NA,3,6539,FALSE,"Syverson-Blois"
"TEMP1321",NA,6236,"bounds",2504,284,45678,NA,3,6539,FALSE,"Syverson-Blois"
"TEMP1322",NA,6236,"event",1874,344,45678,NA,3,6539,FALSE,"Syverson-Blois"
"TEMP1323",NA,6245,"bounds",22234,1,45683,NA,3,6539,FALSE,"Syverson-Blois"
"TEMP1324",NA,6245,"event",18424,1,45683,NA,3,6539,FALSE,"Syverson-Blois"
"TEMP1325",NA,6246,"bounds",1834,1244,45678,NA,3,6539,FALSE,"Syverson-Blois"
"TEMP1326",NA,6246,"event",1634,1444,45678,NA,3,6539,FALSE,"Syverson-Blois"
"TEMP1327",NA,6250,"bounds",4834,2394,45678,NA,3,6539,FALSE,"Syverson-Blois"
"TEMP1328",NA,6250,"event",4004,3224,45678,NA,3,6539,FALSE,"Syverson-Blois"
"TEMP1329",NA,6266,"bounds",2764,604,45678,NA,3,6539,FALSE,"Syverson-Blois"
"TEMP1330",NA,6266,"event",2084,1294,45678,NA,3,6539,FALSE,"Syverson-Blois"
"TEMP1331",NA,6271,"bounds",3574,2554,45678,NA,3,6539,FALSE,"Syverson-Blois"
"TEMP1332",NA,6271,"event",3224,2894,45678,NA,3,6539,FALSE,"Syverson-Blois"
"TEMP1333",NA,6275,"bounds",5654,704,45678,NA,3,6539,FALSE,"Syverson-Blois"
"TEMP1334",NA,6275,"event",4084,2274,45678,NA,3,6539,FALSE,"Syverson-Blois"
"TEMP1335",NA,6277,"bounds",2944,484,45678,NA,3,6539,FALSE,"Syverson-Blois"
"TEMP1336",NA,6277,"event",2154,1224,45678,NA,3,6539,FALSE,"Syverson-Blois"
"TEMP1337",NA,6289,"bounds",20000,10204,45678,NA,3,6539,FALSE,"Syverson-Blois"
"TEMP1338",NA,6289,"event",20000,10854,45678,NA,3,6539,FALSE,"Syverson-Blois"
"TEMP1339",NA,6298,"bounds",20000,9764,45678,NA,3,6539,FALSE,"Syverson-Blois"
"TEMP1340",NA,6298,"event",20000,10324,45678,NA,3,6539,FALSE,"Syverson-Blois"
"TEMP1341",NA,6302,"bounds",37424,244,45678,NA,3,6539,FALSE,"Syverson-Blois"
"TEMP1342",NA,6302,"event",25654,11984,45678,NA,3,6539,FALSE,"Syverson-Blois"
"TEMP1343",NA,6320,"bounds",13284,9584,45678,NA,3,6539,FALSE,"Syverson-Blois"
"TEMP1344",NA,6320,"event",12054,10824,45678,NA,3,6539,FALSE,"Syverson-Blois"
"TEMP1345",NA,6322,"bounds",32100,26500,45678,NA,3,6539,FALSE,"Syverson-Blois"
"TEMP1346",NA,6322,"event",30500,28500,45678,NA,3,6539,FALSE,"Syverson-Blois"
"TEMP1347",NA,6337,"bounds",30844,11564,45678,NA,3,6539,FALSE,"Syverson-Blois"
"TEMP1348",NA,6337,"event",24934,17454,45678,NA,3,6539,FALSE,"Syverson-Blois"
"TEMP1349",NA,6339,"bounds",19904,16814,45678,NA,3,6539,FALSE,"Syverson-Blois"
"TEMP1350",NA,6339,"event",18834,17874,45678,NA,3,6539,FALSE,"Syverson-Blois"
"TEMP1351",NA,6345,"bounds",14774,4684,45678,NA,3,6539,FALSE,"Syverson-Blois"
"TEMP1352",NA,6345,"event",11674,7734,45678,NA,3,6539,FALSE,"Syverson-Blois"
"TEMP1353",NA,6352,"bounds",27552,23272,45678,NA,3,6539,FALSE,"Syverson-Blois"
"TEMP1354",NA,6352,"event",26087,24727,45678,NA,3,6539,FALSE,"Syverson-Blois"
"TEMP1355",NA,6357,"bounds",7334,0,45683,NA,3,6539,FALSE,"Syverson-Blois"
"TEMP1356",NA,6357,"event",6334,0,45683,NA,3,6539,FALSE,"Syverson-Blois"
"TEMP1357",NA,6363,"bounds",2534,464,45683,NA,3,6539,FALSE,"Syverson-Blois"
"TEMP1358",NA,6363,"event",2134,704,45683,NA,3,6539,FALSE,"Syverson-Blois"
"TEMP1359",NA,6365,"bounds",2944,2114,45678,NA,3,6539,FALSE,"Syverson-Blois"
"TEMP1360",NA,6365,"event",2674,2394,45678,NA,3,6539,FALSE,"Syverson-Blois"
"TEMP1361",NA,6366,"bounds",5994,2544,45678,NA,3,6539,FALSE,"Syverson-Blois"
"TEMP1362",NA,6366,"event",4924,3604,45678,NA,3,6539,FALSE,"Syverson-Blois"
"TEMP1363",NA,6370,"bounds",10434,8094,45678,NA,3,6539,FALSE,"Syverson-Blois"
"TEMP1364",NA,6370,"event",9634,8884,45678,NA,3,6539,FALSE,"Syverson-Blois"
"TEMP1365",NA,6371,"bounds",15724,8974,45678,NA,3,6539,FALSE,"Syverson-Blois"
"TEMP1366",NA,6371,"event",13374,11274,45678,NA,3,6539,FALSE,"Syverson-Blois"
"TEMP1367",NA,6375,"bounds",1524,1344,45678,NA,3,6539,FALSE,"Syverson-Blois"
"TEMP1368",NA,6375,"event",1484,1384,45678,NA,3,6539,FALSE,"Syverson-Blois"
"TEMP1369",NA,6380,"bounds",3154,-75,45678,"younger age limits truncated at publication date (2025 CE)",3,6539,FALSE,"Syverson-Blois"
"TEMP1370",NA,6380,"event",2144,834,45678,NA,3,6539,FALSE,"Syverson-Blois"
"TEMP1371",NA,6381,"bounds",1834,524,45678,NA,3,6539,FALSE,"Syverson-Blois"
"TEMP1372",NA,6381,"event",1424,944,45678,NA,3,6539,FALSE,"Syverson-Blois"
"TEMP1373",NA,6382,"bounds",4924,2304,45678,NA,3,6539,FALSE,"Syverson-Blois"
"TEMP1374",NA,6382,"event",4114,3154,45678,NA,3,6539,FALSE,"Syverson-Blois"
"TEMP1375",NA,6389,"bounds",6854,684,45678,NA,3,6539,FALSE,"Syverson-Blois"
"TEMP1376",NA,6389,"event",4964,2574,45678,NA,3,6539,FALSE,"Syverson-Blois"
"TEMP1377",NA,6393,"bounds",674,394,45678,NA,3,6539,FALSE,"Syverson-Blois"
"TEMP1378",NA,6393,"event",574,484,45678,NA,3,6539,FALSE,"Syverson-Blois"
"TEMP1379",NA,6394,"bounds",854,434,45678,NA,3,6539,FALSE,"Syverson-Blois"
"TEMP1380",NA,6394,"event",714,564,45678,NA,3,6539,FALSE,"Syverson-Blois"
"TEMP1381",NA,6396,"bounds",4064,3914,45678,NA,3,6539,FALSE,"Syverson-Blois"
"TEMP1382",NA,6396,"event",4024,3944,45678,NA,3,6539,FALSE,"Syverson-Blois"
"TEMP1383",NA,6397,"bounds",5734,444,45683,NA,3,6539,FALSE,"Syverson-Blois"
"TEMP1384",NA,6397,"event",5444,624,45683,NA,3,6539,FALSE,"Syverson-Blois"
"TEMP1385",NA,6399,"bounds",1784,1084,45678,NA,3,6539,FALSE,"Syverson-Blois"
"TEMP1386",NA,6399,"event",1534,1324,45678,NA,3,6539,FALSE,"Syverson-Blois"
"TEMP1387",NA,6400,"bounds",3664,3304,45678,NA,3,6539,FALSE,"Syverson-Blois"
"TEMP1388",NA,6400,"event",3544,3424,45678,NA,3,6539,FALSE,"Syverson-Blois"
"TEMP1389",NA,6406,"bounds",2594,424,45678,NA,3,6539,FALSE,"Syverson-Blois"
"TEMP1390",NA,6406,"event",1854,1064,45678,NA,3,6539,FALSE,"Syverson-Blois"
"TEMP1391",NA,6407,"bounds",9914,4534,45683,NA,3,6539,FALSE,"Syverson-Blois"
"TEMP1392",NA,6407,"event",9494,5414,45683,NA,3,6539,FALSE,"Syverson-Blois"
"TEMP1393",NA,6408,"bounds",11974,6484,45683,NA,3,6539,FALSE,"Syverson-Blois"
"TEMP1394",NA,6408,"event",10374,7554,45683,NA,3,6539,FALSE,"Syverson-Blois"
"TEMP1395",NA,6409,"bounds",11084,10404,45678,NA,3,6539,FALSE,"Syverson-Blois"
"TEMP1396",NA,6409,"event",10884,10594,45678,NA,3,6539,FALSE,"Syverson-Blois"
"TEMP1397",NA,6417,"bounds",38024,20894,45678,NA,3,6539,FALSE,"Syverson-Blois"
"TEMP1398",NA,6417,"event",32724,26164,45678,NA,3,6539,FALSE,"Syverson-Blois"
"TEMP1399",NA,6422,"bounds",1144,-36,45678,NA,3,6539,FALSE,"Syverson-Blois"
"TEMP1400",NA,6422,"event",724,374,45678,NA,3,6539,FALSE,"Syverson-Blois"
"TEMP1401",NA,6426,"bounds",8984,702,45683,NA,3,6539,FALSE,"Syverson-Blois"
"TEMP1402",NA,6426,"event",7607,927,45683,NA,3,6539,FALSE,"Syverson-Blois"
"TEMP1403",NA,6429,"bounds",1054,-16,45678,NA,3,6539,FALSE,"Syverson-Blois"
"TEMP1404",NA,6429,"event",684,354,45678,NA,3,6539,FALSE,"Syverson-Blois"
"TEMP1405",NA,6451,"bounds",1234,524,45678,NA,3,6539,FALSE,"Syverson-Blois"
"TEMP1406",NA,6451,"event",994,774,45678,NA,3,6539,FALSE,"Syverson-Blois"
"TEMP1407",NA,6457,"bounds",1204,204,45678,NA,3,6539,FALSE,"Syverson-Blois"
"TEMP1408",NA,6457,"event",864,544,45678,NA,3,6539,FALSE,"Syverson-Blois"
"TEMP1409",NA,6458,"bounds",1004,-75,45678,"younger age limits truncated at publication date (2025 CE)",3,6539,FALSE,"Syverson-Blois"
"TEMP1410",NA,6458,"event",634,274,45678,NA,3,6539,FALSE,"Syverson-Blois"
"TEMP1411",NA,6463,"bounds",4794,604,45678,NA,3,6539,FALSE,"Syverson-Blois"
"TEMP1412",NA,6463,"event",3484,1874,45678,NA,3,6539,FALSE,"Syverson-Blois"
"TEMP1413",NA,6483,"bounds",15514,13744,45678,NA,3,6539,FALSE,"Syverson-Blois"
"TEMP1414",NA,6483,"event",14934,14304,45678,NA,3,6539,FALSE,"Syverson-Blois"
"TEMP1415",NA,6491,"bounds",54000,-75,45678,"younger age limits truncated at publication date (2025 CE)",3,6539,FALSE,"Syverson-Blois"
"TEMP1416",NA,6491,"event",36400,15400,45678,NA,3,6539,FALSE,"Syverson-Blois"
"TEMP1417",NA,6494,"bounds",1944,-75,45678,"younger age limits truncated at publication date (2025 CE)",3,6539,FALSE,"Syverson-Blois"
"TEMP1418",NA,6494,"event",1164,444,45678,NA,3,6539,FALSE,"Syverson-Blois"
"TEMP1419",NA,6509,"bounds",2824,1854,45678,NA,3,6539,FALSE,"Syverson-Blois"
"TEMP1420",NA,6509,"event",2494,2174,45678,NA,3,6539,FALSE,"Syverson-Blois"
"TEMP1421",NA,6519,"bounds",27704,15164,45683,NA,3,6539,FALSE,"Syverson-Blois"
"TEMP1422",NA,6519,"event",26974,16234,45683,NA,3,6539,FALSE,"Syverson-Blois"
"TEMP1423",NA,6529,"bounds",4194,24,45678,NA,3,6539,FALSE,"Syverson-Blois"
"TEMP1424",NA,6529,"event",2914,1284,45678,NA,3,6539,FALSE,"Syverson-Blois"
"TEMP1425",NA,6531,"bounds",904,354,45678,NA,3,6539,FALSE,"Syverson-Blois"
"TEMP1426",NA,6531,"event",724,524,45678,NA,3,6539,FALSE,"Syverson-Blois"
"TEMP1427",NA,6532,"bounds",1614,264,45678,NA,3,6539,FALSE,"Syverson-Blois"
"TEMP1428",NA,6532,"event",1164,724,45678,NA,3,6539,FALSE,"Syverson-Blois"
"TEMP1429",NA,6534,"bounds",2224,784,45678,NA,3,6539,FALSE,"Syverson-Blois"
"TEMP1430",NA,6534,"event",1724,1284,45678,NA,3,6539,FALSE,"Syverson-Blois"
"TEMP1431",NA,6539,"bounds",6174,2654,45678,NA,3,6539,FALSE,"Syverson-Blois"
"TEMP1432",NA,6539,"event",4994,3834,45678,NA,3,6539,FALSE,"Syverson-Blois"
"TEMP1433",NA,6540,"bounds",1514,894,45678,NA,3,6539,FALSE,"Syverson-Blois"
"TEMP1434",NA,6540,"event",1344,1074,45678,NA,3,6539,FALSE,"Syverson-Blois"
"TEMP1435",NA,6541,"bounds",2324,1504,45678,NA,3,6539,FALSE,"Syverson-Blois"
"TEMP1436",NA,6541,"event",2084,1734,45678,NA,3,6539,FALSE,"Syverson-Blois"
"TEMP1437",NA,6544,"bounds",1314,1094,45678,NA,3,6539,FALSE,"Syverson-Blois"
"TEMP1438",NA,6544,"event",1244,1164,45678,NA,3,6539,FALSE,"Syverson-Blois"
"TEMP1439",NA,6546,"bounds",3354,294,45678,NA,3,6539,FALSE,"Syverson-Blois"
"TEMP1440",NA,6546,"event",2414,1234,45678,NA,3,6539,FALSE,"Syverson-Blois"
"TEMP1441",NA,6547,"bounds",1444,794,45678,NA,3,6539,FALSE,"Syverson-Blois"
"TEMP1442",NA,6547,"event",1254,1004,45678,NA,3,6539,FALSE,"Syverson-Blois"
"TEMP1443",NA,6564,"bounds",1764,-75,45678,"younger age limits truncated at publication date (2025 CE)",3,6539,FALSE,"Syverson-Blois"
"TEMP1444",NA,6564,"event",1194,484,45678,NA,3,6539,FALSE,"Syverson-Blois"
"TEMP1445",NA,6577,"bounds",2104,584,45678,NA,3,6539,FALSE,"Syverson-Blois"
"TEMP1446",NA,6577,"event",1634,1054,45678,NA,3,6539,FALSE,"Syverson-Blois"
"TEMP1447",NA,6584,"bounds",924,614,45678,NA,3,6539,FALSE,"Syverson-Blois"
"TEMP1448",NA,6584,"event",834,694,45678,NA,3,6539,FALSE,"Syverson-Blois"
"TEMP1449",NA,6611,"bounds",1114,-75,45678,"younger age limits truncated at publication date (2025 CE)",3,6539,FALSE,"Syverson-Blois"
"TEMP1450",NA,6611,"event",664,244,45678,NA,3,6539,FALSE,"Syverson-Blois"
"TEMP1451",NA,6612,"bounds",734,344,45678,NA,3,6539,FALSE,"Syverson-Blois"
"TEMP1452",NA,6612,"event",614,474,45678,NA,3,6539,FALSE,"Syverson-Blois"
"TEMP1453",NA,6613,"bounds",1254,474,45678,NA,3,6539,FALSE,"Syverson-Blois"
"TEMP1454",NA,6613,"event",1004,714,45678,NA,3,6539,FALSE,"Syverson-Blois"
"TEMP1455",NA,6614,"bounds",1232,784,45678,NA,3,6539,FALSE,"Syverson-Blois"
"TEMP1456",NA,6614,"event",1082,932,45678,NA,3,6539,FALSE,"Syverson-Blois"
"TEMP1457",NA,6615,"bounds",844,514,45678,NA,3,6539,FALSE,"Syverson-Blois"
"TEMP1458",NA,6615,"event",744,624,45678,NA,3,6539,FALSE,"Syverson-Blois"
"TEMP1459",NA,6631,"bounds",13164,12164,45678,NA,3,6539,FALSE,"Syverson-Blois"
"TEMP1460",NA,6631,"event",12824,12514,45678,NA,3,6539,FALSE,"Syverson-Blois"
"TEMP1461",NA,6632,"bounds",13214,11104,45678,NA,3,6539,FALSE,"Syverson-Blois"
"TEMP1462",NA,6632,"event",12514,11794,45678,NA,3,6539,FALSE,"Syverson-Blois"
"TEMP1463",NA,6633,"bounds",13254,12524,45678,NA,3,6539,FALSE,"Syverson-Blois"
"TEMP1464",NA,6633,"event",13014,12764,45678,NA,3,6539,FALSE,"Syverson-Blois"
"TEMP1465",NA,6645,"bounds",25534,23964,45678,NA,3,6539,FALSE,"Syverson-Blois"
"TEMP1466",NA,6645,"event",25004,24494,45678,NA,3,6539,FALSE,"Syverson-Blois"
"TEMP1467",NA,6647,"bounds",17974,14454,45678,NA,3,6539,FALSE,"Syverson-Blois"
"TEMP1468",NA,6647,"event",16784,15644,45678,NA,3,6539,FALSE,"Syverson-Blois"
"TEMP1469",NA,6655,"bounds",764,344,45678,NA,3,6539,FALSE,"Syverson-Blois"
"TEMP1470",NA,6655,"event",634,484,45678,NA,3,6539,FALSE,"Syverson-Blois"
"TEMP1471",NA,6669,"bounds",1244,604,45683,NA,3,6539,FALSE,"Syverson-Blois"
"TEMP1472",NA,6669,"event",1064,684,45683,NA,3,6539,FALSE,"Syverson-Blois"
"TEMP1473",NA,6679,"bounds",11700,124,45683,NA,3,6539,FALSE,"Syverson-Blois"
"TEMP1474",NA,6679,"event",11700,504,45683,NA,3,6539,FALSE,"Syverson-Blois"
"TEMP1475",NA,6681,"bounds",644,554,45678,NA,3,6539,FALSE,"Syverson-Blois"
"TEMP1476",NA,6681,"event",624,584,45678,NA,3,6539,FALSE,"Syverson-Blois"
"TEMP1477",NA,6682,"bounds",554,314,45678,NA,3,6539,FALSE,"Syverson-Blois"
"TEMP1478",NA,6682,"event",474,374,45678,NA,3,6539,FALSE,"Syverson-Blois"
"TEMP1479",NA,6684,"bounds",1594,334,45678,NA,3,6539,FALSE,"Syverson-Blois"
"TEMP1480",NA,6684,"event",1174,744,45678,NA,3,6539,FALSE,"Syverson-Blois"
"TEMP1481",NA,6689,"bounds",974,-26,45678,NA,3,6539,FALSE,"Syverson-Blois"
"TEMP1482",NA,6689,"event",674,304,45678,NA,3,6539,FALSE,"Syverson-Blois"
"TEMP1483",NA,6697,"bounds",30000,13400,45678,NA,3,6539,FALSE,"Syverson-Blois"
"TEMP1484",NA,6697,"event",24300,18900,45678,NA,3,6539,FALSE,"Syverson-Blois"
"TEMP1485",NA,6700,"bounds",9424,7394,45678,NA,3,6539,FALSE,"Syverson-Blois"
"TEMP1486",NA,6700,"event",8724,8094,45678,NA,3,6539,FALSE,"Syverson-Blois"
"TEMP1487",NA,6705,"bounds",3684,2334,45678,NA,3,6539,FALSE,"Syverson-Blois"
"TEMP1488",NA,6705,"event",3224,2794,45678,NA,3,6539,FALSE,"Syverson-Blois"
"TEMP1489",NA,6707,"bounds",1324,314,45678,NA,3,6539,FALSE,"Syverson-Blois"
"TEMP1490",NA,6707,"event",974,664,45678,NA,3,6539,FALSE,"Syverson-Blois"
"TEMP1491",NA,6709,"bounds",754,-75,45678,"younger age limits truncated at publication date (2025 CE)",3,6539,FALSE,"Syverson-Blois"
"TEMP1492",NA,6709,"event",484,204,45678,NA,3,6539,FALSE,"Syverson-Blois"
"TEMP1493",NA,6711,"bounds",1924,1464,45678,NA,3,6539,FALSE,"Syverson-Blois"
"TEMP1494",NA,6711,"event",1794,1594,45678,NA,3,6539,FALSE,"Syverson-Blois"
"TEMP1495",NA,6727,"bounds",954,634,45678,NA,3,6539,FALSE,"Syverson-Blois"
"TEMP1496",NA,6727,"event",864,724,45678,NA,3,6539,FALSE,"Syverson-Blois"
"TEMP1497",NA,6776,"bounds",14864,10604,45678,NA,3,6539,FALSE,"Syverson-Blois"
"TEMP1498",NA,6776,"event",13534,11904,45678,NA,3,6539,FALSE,"Syverson-Blois"
"TEMP1499",NA,6800,"bounds",704,244,45678,NA,3,6539,FALSE,"Syverson-Blois"
"TEMP1500",NA,6800,"event",554,394,45678,NA,3,6539,FALSE,"Syverson-Blois"
"TEMP1501",NA,6803,"bounds",1934,784,45678,NA,3,6539,FALSE,"Syverson-Blois"
"TEMP1502",NA,6803,"event",1564,1164,45678,NA,3,6539,FALSE,"Syverson-Blois"
"TEMP1503",NA,6805,"bounds",1044,474,45678,NA,3,6539,FALSE,"Syverson-Blois"
"TEMP1504",NA,6805,"event",854,674,45678,NA,3,6539,FALSE,"Syverson-Blois"
"TEMP1505",NA,6811,"bounds",1234,554,45678,NA,3,6539,FALSE,"Syverson-Blois"
"TEMP1506",NA,6811,"event",1014,764,45678,NA,3,6539,FALSE,"Syverson-Blois"
"TEMP1507",NA,6812,"bounds",1124,784,45678,NA,3,6539,FALSE,"Syverson-Blois"
"TEMP1508",NA,6812,"event",1004,904,45678,NA,3,6539,FALSE,"Syverson-Blois"
"TEMP1509",NA,6813,"bounds",1254,804,45678,NA,3,6539,FALSE,"Syverson-Blois"
"TEMP1510",NA,6813,"event",1104,944,45678,NA,3,6539,FALSE,"Syverson-Blois"
"TEMP1511",NA,6815,"bounds",1874,924,45683,NA,3,6539,FALSE,"Syverson-Blois"
"TEMP1512",NA,6815,"event",1774,964,45683,NA,3,6539,FALSE,"Syverson-Blois"
"TEMP1513",NA,6816,"bounds",9904,1250,45683,NA,3,6539,FALSE,"Syverson-Blois"
"TEMP1514",NA,6816,"event",9514,1250,45683,NA,3,6539,FALSE,"Syverson-Blois"
"TEMP1515",NA,6819,"bounds",544,504,45678,NA,3,6539,FALSE,"Syverson-Blois"
"TEMP1516",NA,6819,"event",524,514,45678,NA,3,6539,FALSE,"Syverson-Blois"
"TEMP1517",NA,6822,"bounds",1264,314,45678,NA,3,6539,FALSE,"Syverson-Blois"
"TEMP1518",NA,6822,"event",914,594,45678,NA,3,6539,FALSE,"Syverson-Blois"
"TEMP1519",NA,6824,"bounds",6214,1894,45678,NA,3,6539,FALSE,"Syverson-Blois"
"TEMP1520",NA,6824,"event",4914,3224,45678,NA,3,6539,FALSE,"Syverson-Blois"
"TEMP1521",NA,6825,"bounds",2324,144,45678,NA,3,6539,FALSE,"Syverson-Blois"
"TEMP1522",NA,6825,"event",1624,844,45678,NA,3,6539,FALSE,"Syverson-Blois"
"TEMP1523",NA,6829,"bounds",10304,-75,45678,"younger age limits truncated at publication date (2025 CE)",3,6539,FALSE,"Syverson-Blois"
"TEMP1524",NA,6829,"event",6984,3014,45678,NA,3,6539,FALSE,"Syverson-Blois"
"TEMP1525",NA,6830,"bounds",6464,1684,45678,NA,3,6539,FALSE,"Syverson-Blois"
"TEMP1526",NA,6830,"event",5014,3144,45678,NA,3,6539,FALSE,"Syverson-Blois"
"TEMP1527",NA,6840,"bounds",18084,10944,45678,NA,3,6539,FALSE,"Syverson-Blois"
"TEMP1528",NA,6840,"event",15864,13144,45678,NA,3,6539,FALSE,"Syverson-Blois"
"TEMP1529",NA,6841,"bounds",5364,574,45678,NA,3,6539,FALSE,"Syverson-Blois"
"TEMP1530",NA,6841,"event",3714,2194,45678,NA,3,6539,FALSE,"Syverson-Blois"
"TEMP1531",NA,6844,"bounds",27014,20794,45678,NA,3,6539,FALSE,"Syverson-Blois"
"TEMP1532",NA,6844,"event",24914,22884,45678,NA,3,6539,FALSE,"Syverson-Blois"
"TEMP1533",NA,6845,"bounds",17334,-36,45678,NA,3,6539,FALSE,"Syverson-Blois"
"TEMP1534",NA,6845,"event",12144,5224,45678,NA,3,6539,FALSE,"Syverson-Blois"
"TEMP1535",NA,6848,"bounds",704,-66,45678,NA,3,6539,FALSE,"Syverson-Blois"
"TEMP1536",NA,6848,"event",454,184,45678,NA,3,6539,FALSE,"Syverson-Blois"
"TEMP1537",NA,6851,"bounds",604,334,45678,NA,3,6539,FALSE,"Syverson-Blois"
"TEMP1538",NA,6851,"event",524,414,45678,NA,3,6539,FALSE,"Syverson-Blois"
"TEMP1539",NA,6855,"bounds",1384,304,45678,NA,3,6539,FALSE,"Syverson-Blois"
"TEMP1540",NA,6855,"event",1014,674,45678,NA,3,6539,FALSE,"Syverson-Blois"
"TEMP1541",NA,6857,"bounds",1054,454,45678,NA,3,6539,FALSE,"Syverson-Blois"
"TEMP1542",NA,6857,"event",844,654,45678,NA,3,6539,FALSE,"Syverson-Blois"
"TEMP1543",NA,6859,"bounds",1994,1674,45678,NA,3,6539,FALSE,"Syverson-Blois"
"TEMP1544",NA,6859,"event",1904,1764,45678,NA,3,6539,FALSE,"Syverson-Blois"
"TEMP1545",NA,6862,"bounds",1134,524,45678,NA,3,6539,FALSE,"Syverson-Blois"
"TEMP1546",NA,6862,"event",924,734,45678,NA,3,6539,FALSE,"Syverson-Blois"
"TEMP1547",NA,6876,"bounds",6384,3394,45678,NA,3,6539,FALSE,"Syverson-Blois"
"TEMP1548",NA,6876,"event",5384,4404,45678,NA,3,6539,FALSE,"Syverson-Blois"
"TEMP1549",NA,6880,"bounds",4704,0,45683,NA,3,6539,FALSE,"Syverson-Blois"
"TEMP1550",NA,6880,"event",3274,574,45683,NA,3,6539,FALSE,"Syverson-Blois"
"TEMP1551",NA,6883,"bounds",2154,884,45678,NA,3,6539,FALSE,"Syverson-Blois"
"TEMP1552",NA,6883,"event",1714,1324,45678,NA,3,6539,FALSE,"Syverson-Blois"
"TEMP1553",NA,6886,"bounds",4504,1854,45678,NA,3,6539,FALSE,"Syverson-Blois"
"TEMP1554",NA,6886,"event",3694,2684,45678,NA,3,6539,FALSE,"Syverson-Blois"
"TEMP1555",NA,6889,"bounds",16174,10000,45683,NA,3,6539,FALSE,"Syverson-Blois"
"TEMP1556",NA,6889,"event",16167,10000,45683,NA,3,6539,FALSE,"Syverson-Blois"
"TEMP1557",NA,6890,"bounds",3574,2624,45678,NA,3,6539,FALSE,"Syverson-Blois"
"TEMP1558",NA,6890,"event",3304,2894,45678,NA,3,6539,FALSE,"Syverson-Blois"
"TEMP1559",NA,6891,"bounds",5694,4924,45678,NA,3,6539,FALSE,"Syverson-Blois"
"TEMP1560",NA,6891,"event",5394,5144,45678,NA,3,6539,FALSE,"Syverson-Blois"
"TEMP1561",NA,6900,"bounds",14554,9504,45678,NA,3,6539,FALSE,"Syverson-Blois"
"TEMP1562",NA,6900,"event",12924,11214,45678,NA,3,6539,FALSE,"Syverson-Blois"
"TEMP1563",NA,6911,"bounds",3684,1324,45678,NA,3,6539,FALSE,"Syverson-Blois"
"TEMP1564",NA,6911,"event",2884,2124,45678,NA,3,6539,FALSE,"Syverson-Blois"
"TEMP1565",NA,6912,"bounds",2034,454,45678,NA,3,6539,FALSE,"Syverson-Blois"
"TEMP1566",NA,6912,"event",1534,954,45678,NA,3,6539,FALSE,"Syverson-Blois"
"TEMP1567",NA,6914,"bounds",2564,2094,45678,NA,3,6539,FALSE,"Syverson-Blois"
"TEMP1568",NA,6914,"event",2404,2234,45678,NA,3,6539,FALSE,"Syverson-Blois"
"TEMP1569",NA,6917,"bounds",18194,1,45678,NA,3,6539,FALSE,"Syverson-Blois"
"TEMP1570",NA,6917,"event",16754,1,45678,NA,3,6539,FALSE,"Syverson-Blois"
"TEMP1571",NA,6918,"bounds",19217,12242,45678,NA,3,6539,FALSE,"Syverson-Blois"
"TEMP1572",NA,6918,"event",16862,14542,45678,NA,3,6539,FALSE,"Syverson-Blois"
"TEMP1573",NA,6919,"bounds",1264,514,45678,NA,3,6539,FALSE,"Syverson-Blois"
"TEMP1574",NA,6919,"event",1014,744,45678,NA,3,6539,FALSE,"Syverson-Blois"
"TEMP1575",NA,6920,"bounds",1174,274,45678,NA,3,6539,FALSE,"Syverson-Blois"
"TEMP1576",NA,6920,"event",874,584,45678,NA,3,6539,FALSE,"Syverson-Blois"
"TEMP1577",NA,6921,"bounds",1224,664,45678,NA,3,6539,FALSE,"Syverson-Blois"
"TEMP1578",NA,6921,"event",1064,814,45678,NA,3,6539,FALSE,"Syverson-Blois"
"TEMP1579",NA,6922,"bounds",1064,124,45678,NA,3,6539,FALSE,"Syverson-Blois"
"TEMP1580",NA,6922,"event",734,464,45678,NA,3,6539,FALSE,"Syverson-Blois"
"TEMP1581",NA,6923,"bounds",704,444,45678,NA,3,6539,FALSE,"Syverson-Blois"
"TEMP1582",NA,6923,"event",634,524,45678,NA,3,6539,FALSE,"Syverson-Blois"
"TEMP1583",NA,6924,"bounds",1124,-16,45678,NA,3,6539,FALSE,"Syverson-Blois"
"TEMP1584",NA,6924,"event",724,394,45678,NA,3,6539,FALSE,"Syverson-Blois"
"TEMP1585",NA,6925,"bounds",814,614,45678,NA,3,6539,FALSE,"Syverson-Blois"
"TEMP1586",NA,6925,"event",764,674,45678,NA,3,6539,FALSE,"Syverson-Blois"
"TEMP1587",NA,6926,"bounds",1454,104,45678,NA,3,6539,FALSE,"Syverson-Blois"
"TEMP1588",NA,6926,"event",994,564,45678,NA,3,6539,FALSE,"Syverson-Blois"
"TEMP1589",NA,6927,"bounds",964,624,45678,NA,3,6539,FALSE,"Syverson-Blois"
"TEMP1590",NA,6927,"event",874,714,45678,NA,3,6539,FALSE,"Syverson-Blois"
"TEMP1591",NA,6928,"bounds",2954,1004,45678,NA,3,6539,FALSE,"Syverson-Blois"
"TEMP1592",NA,6928,"event",2354,1594,45678,NA,3,6539,FALSE,"Syverson-Blois"
"TEMP1593",NA,6929,"bounds",3324,2564,45678,NA,3,6539,FALSE,"Syverson-Blois"
"TEMP1594",NA,6929,"event",3074,2814,45678,NA,3,6539,FALSE,"Syverson-Blois"
"TEMP1595",NA,6933,"bounds",5634,5284,45678,NA,3,6539,FALSE,"Syverson-Blois"
"TEMP1596",NA,6933,"event",5544,5374,45678,NA,3,6539,FALSE,"Syverson-Blois"
"TEMP1597",NA,6935,"bounds",1164,114,45678,NA,3,6539,FALSE,"Syverson-Blois"
"TEMP1598",NA,6935,"event",794,484,45678,NA,3,6539,FALSE,"Syverson-Blois"
"TEMP1599",NA,6936,"bounds",1114,-75,45678,"younger age limits truncated at publication date (2025 CE)",3,6539,FALSE,"Syverson-Blois"
"TEMP1600",NA,6936,"event",694,304,45678,NA,3,6539,FALSE,"Syverson-Blois"
"TEMP1601",NA,6938,"bounds",14364,5814,45678,NA,3,6539,FALSE,"Syverson-Blois"
"TEMP1602",NA,6938,"event",11694,8444,45678,NA,3,6539,FALSE,"Syverson-Blois"
"TEMP1603",NA,6939,"bounds",1524,1334,45678,NA,3,6539,FALSE,"Syverson-Blois"
"TEMP1604",NA,6939,"event",1474,1394,45678,NA,3,6539,FALSE,"Syverson-Blois"
"TEMP1605",NA,6943,"bounds",4782,62,45678,NA,3,6539,FALSE,"Syverson-Blois"
"TEMP1606",NA,6943,"event",3314,1497,45678,NA,3,6539,FALSE,"Syverson-Blois"
"TEMP1607",NA,6946,"bounds",754,614,45678,NA,3,6539,FALSE,"Syverson-Blois"
"TEMP1608",NA,6946,"event",714,664,45678,NA,3,6539,FALSE,"Syverson-Blois"
"TEMP1609",NA,6948,"bounds",14544,394,45678,NA,3,6539,FALSE,"Syverson-Blois"
"TEMP1610",NA,6948,"event",10174,4734,45678,NA,3,6539,FALSE,"Syverson-Blois"
"TEMP1611",NA,6954,"bounds",11824,10854,45678,NA,3,6539,FALSE,"Syverson-Blois"
"TEMP1612",NA,6954,"event",11544,11174,45678,NA,3,6539,FALSE,"Syverson-Blois"
"TEMP1613",NA,6955,"bounds",1804,1014,45678,NA,3,6539,FALSE,"Syverson-Blois"
"TEMP1614",NA,6955,"event",1544,1264,45678,NA,3,6539,FALSE,"Syverson-Blois"
"TEMP1615",NA,6958,"bounds",4104,3584,45678,NA,3,6539,FALSE,"Syverson-Blois"
"TEMP1616",NA,6958,"event",3954,3744,45678,NA,3,6539,FALSE,"Syverson-Blois"
"TEMP1617",NA,6960,"bounds",8134,6564,45678,NA,3,6539,FALSE,"Syverson-Blois"
"TEMP1618",NA,6960,"event",7574,7034,45678,NA,3,6539,FALSE,"Syverson-Blois"
"TEMP1619",NA,6962,"bounds",754,454,45678,NA,3,6539,FALSE,"Syverson-Blois"
"TEMP1620",NA,6962,"event",654,554,45678,NA,3,6539,FALSE,"Syverson-Blois"
"TEMP1621",NA,6965,"bounds",80000,9800,45683,NA,3,6539,FALSE,"Syverson-Blois"
"TEMP1622",NA,6965,"event",80000,19200,45683,NA,3,6539,FALSE,"Syverson-Blois"
"TEMP1623",NA,6967,"bounds",27234,-75,45678,"younger age limits truncated at publication date (2025 CE)",3,6539,FALSE,"Syverson-Blois"
"TEMP1624",NA,6967,"event",18734,7544,45678,NA,3,6539,FALSE,"Syverson-Blois"
"TEMP1625",NA,6979,"bounds",1864,494,45678,NA,3,6539,FALSE,"Syverson-Blois"
"TEMP1626",NA,6979,"event",1424,954,45678,NA,3,6539,FALSE,"Syverson-Blois"
"TEMP1627",NA,6981,"bounds",1084,354,45678,NA,3,6539,FALSE,"Syverson-Blois"
"TEMP1628",NA,6981,"event",844,604,45678,NA,3,6539,FALSE,"Syverson-Blois"
"TEMP1629",NA,6982,"bounds",1934,564,45678,NA,3,6539,FALSE,"Syverson-Blois"
"TEMP1630",NA,6982,"event",1494,984,45678,NA,3,6539,FALSE,"Syverson-Blois"
"TEMP1631",NA,6984,"bounds",2074,1314,45678,NA,3,6539,FALSE,"Syverson-Blois"
"TEMP1632",NA,6984,"event",1814,1574,45678,NA,3,6539,FALSE,"Syverson-Blois"
"TEMP1633",NA,6989,"bounds",3304,964,45683,NA,3,6539,FALSE,"Syverson-Blois"
"TEMP1634",NA,6989,"event",3024,1044,45683,NA,3,6539,FALSE,"Syverson-Blois"
"TEMP1635",NA,6990,"bounds",2614,114,45678,NA,3,6539,FALSE,"Syverson-Blois"
"TEMP1636",NA,6990,"event",1774,964,45678,NA,3,6539,FALSE,"Syverson-Blois"
"TEMP1637",NA,6991,"bounds",1364,304,45678,NA,3,6539,FALSE,"Syverson-Blois"
"TEMP1638",NA,6991,"event",994,674,45678,NA,3,6539,FALSE,"Syverson-Blois"
"TEMP1639",NA,6996,"bounds",1544,684,45678,NA,3,6539,FALSE,"Syverson-Blois"
"TEMP1640",NA,6996,"event",1254,974,45678,NA,3,6539,FALSE,"Syverson-Blois"
"TEMP1641",NA,6998,"bounds",1264,344,45678,NA,3,6539,FALSE,"Syverson-Blois"
"TEMP1642",NA,6998,"event",944,664,45678,NA,3,6539,FALSE,"Syverson-Blois"
"TEMP1643",NA,6999,"bounds",804,524,45678,NA,3,6539,FALSE,"Syverson-Blois"
"TEMP1644",NA,6999,"event",694,594,45678,NA,3,6539,FALSE,"Syverson-Blois"
"TEMP1645",NA,7014,"bounds",1424,104,45678,NA,3,6539,FALSE,"Syverson-Blois"
"TEMP1646",NA,7014,"event",974,554,45678,NA,3,6539,FALSE,"Syverson-Blois"
"TEMP1647",NA,7022,"bounds",914,534,45678,NA,3,6539,FALSE,"Syverson-Blois"
"TEMP1648",NA,7022,"event",784,664,45678,NA,3,6539,FALSE,"Syverson-Blois"
"TEMP1649",NA,7024,"bounds",10884,1,45683,NA,3,6539,FALSE,"Syverson-Blois"
"TEMP1650",NA,7024,"event",9984,1,45683,NA,3,6539,FALSE,"Syverson-Blois"
"TEMP1651",NA,7026,"bounds",24594,-75,45683,"younger age limits truncated at publication date (2025 CE)",3,6539,FALSE,"Syverson-Blois"
"TEMP1652",NA,7026,"event",23774,1374,45683,NA,3,6539,FALSE,"Syverson-Blois"
"TEMP1653",NA,7040,"bounds",1274,594,45678,NA,3,6539,FALSE,"Syverson-Blois"
"TEMP1654",NA,7040,"event",1044,814,45678,NA,3,6539,FALSE,"Syverson-Blois"
"TEMP1655",NA,7043,"bounds",554,424,45678,NA,3,6539,FALSE,"Syverson-Blois"
"TEMP1656",NA,7043,"event",514,464,45678,NA,3,6539,FALSE,"Syverson-Blois"
"TEMP1657",NA,7046,"bounds",6014,4174,45678,NA,3,6539,FALSE,"Syverson-Blois"
"TEMP1658",NA,7046,"event",5394,4794,45678,NA,3,6539,FALSE,"Syverson-Blois"
"TEMP1659",NA,7051,"bounds",3764,454,45678,NA,3,6539,FALSE,"Syverson-Blois"
"TEMP1660",NA,7051,"event",2764,1464,45678,NA,3,6539,FALSE,"Syverson-Blois"
"TEMP1661",NA,7069,"bounds",1324,514,45678,NA,3,6539,FALSE,"Syverson-Blois"
"TEMP1662",NA,7069,"event",1074,764,45678,NA,3,6539,FALSE,"Syverson-Blois"
"TEMP1663",NA,7079,"bounds",2024,1204,45678,NA,3,6539,FALSE,"Syverson-Blois"
"TEMP1664",NA,7079,"event",1774,1454,45678,NA,3,6539,FALSE,"Syverson-Blois"
"TEMP1665",NA,7081,"bounds",1414,574,45678,NA,3,6539,FALSE,"Syverson-Blois"
"TEMP1666",NA,7081,"event",1154,834,45678,NA,3,6539,FALSE,"Syverson-Blois"
"TEMP1667",NA,7090,"bounds",824,124,45678,NA,3,6539,FALSE,"Syverson-Blois"
"TEMP1668",NA,7090,"event",614,374,45678,NA,3,6539,FALSE,"Syverson-Blois"
"TEMP1669",NA,7091,"bounds",704,524,45678,NA,3,6539,FALSE,"Syverson-Blois"
"TEMP1670",NA,7091,"event",654,574,45678,NA,3,6539,FALSE,"Syverson-Blois"
"TEMP1671",NA,7094,"bounds",3904,474,45678,NA,3,6539,FALSE,"Syverson-Blois"
"TEMP1672",NA,7094,"event",2864,1514,45678,NA,3,6539,FALSE,"Syverson-Blois"
"TEMP1673",NA,7097,"bounds",16484,1074,45683,NA,3,6539,FALSE,"Syverson-Blois"
"TEMP1674",NA,7097,"event",12814,1724,45683,NA,3,6539,FALSE,"Syverson-Blois"
"TEMP1675",NA,7115,"bounds",1474,304,45678,NA,3,6539,FALSE,"Syverson-Blois"
"TEMP1676",NA,7115,"event",1084,704,45678,NA,3,6539,FALSE,"Syverson-Blois"
"TEMP1677",NA,7116,"bounds",5764,4394,45678,NA,3,6539,FALSE,"Syverson-Blois"
"TEMP1678",NA,7116,"event",5294,4864,45678,NA,3,6539,FALSE,"Syverson-Blois"
"TEMP1679",NA,7118,"bounds",1204,574,45678,NA,3,6539,FALSE,"Syverson-Blois"
"TEMP1680",NA,7118,"event",984,784,45678,NA,3,6539,FALSE,"Syverson-Blois"
"TEMP1681",NA,7121,"bounds",1314,564,45678,NA,3,6539,FALSE,"Syverson-Blois"
"TEMP1682",NA,7121,"event",1054,814,45678,NA,3,6539,FALSE,"Syverson-Blois"
"TEMP1683",NA,7129,"bounds",984,504,45678,NA,3,6539,FALSE,"Syverson-Blois"
"TEMP1684",NA,7129,"event",824,654,45678,NA,3,6539,FALSE,"Syverson-Blois"
"TEMP1685",NA,7131,"bounds",1134,804,45678,NA,3,6539,FALSE,"Syverson-Blois"
"TEMP1686",NA,7131,"event",1034,914,45678,NA,3,6539,FALSE,"Syverson-Blois"
"TEMP1687",NA,7134,"bounds",13614,10454,45678,NA,3,6539,FALSE,"Syverson-Blois"
"TEMP1688",NA,7134,"event",12564,11494,45678,NA,3,6539,FALSE,"Syverson-Blois"
"TEMP1689",NA,7236,"bounds",33700,500,45678,NA,3,6539,FALSE,"Syverson-Blois"
"TEMP1690",NA,7236,"event",23300,10700,45678,NA,3,6539,FALSE,"Syverson-Blois"
"TEMP1691",NA,7237,"bounds",164500,13308,45678,NA,3,6539,FALSE,"Syverson-Blois"
"TEMP1692",NA,7237,"event",125500,38500,45678,NA,3,6539,FALSE,"Syverson-Blois"
"TEMP1693",NA,7238,"bounds",44737,16632,45678,NA,3,6539,FALSE,"Syverson-Blois"
"TEMP1694",NA,7238,"event",36000,25432,45678,NA,3,6539,FALSE,"Syverson-Blois"
"TEMP1695",NA,7278,"bounds",1674,1424,45678,NA,3,6539,FALSE,"Syverson-Blois"
"TEMP1696",NA,7278,"event",1604,1504,45678,NA,3,6539,FALSE,"Syverson-Blois"
"TEMP1697",NA,7281,"bounds",1694,1554,45678,NA,3,6539,FALSE,"Syverson-Blois"
"TEMP1698",NA,7281,"event",1654,1584,45678,NA,3,6539,FALSE,"Syverson-Blois"
"TEMP1699",NA,7282,"bounds",10000,284,45678,NA,3,6539,FALSE,"Syverson-Blois"
"TEMP1700",NA,7282,"event",10000,614,45678,NA,3,6539,FALSE,"Syverson-Blois"
"TEMP1701",NA,7285,"bounds",6000,1644,45678,NA,3,6539,FALSE,"Syverson-Blois"
"TEMP1702",NA,7285,"event",6000,2444,45678,NA,3,6539,FALSE,"Syverson-Blois"
"TEMP1703",NA,7290,"bounds",9134,-46,45683,NA,3,6539,FALSE,"Syverson-Blois"
"TEMP1704",NA,7290,"event",7217,184,45683,NA,3,6539,FALSE,"Syverson-Blois"
"TEMP1705",NA,7291,"bounds",8084,0,45683,NA,3,6539,FALSE,"Syverson-Blois"
"TEMP1706",NA,7291,"event",7584,0,45683,NA,3,6539,FALSE,"Syverson-Blois"
"TEMP1707",NA,7316,"bounds",13044,994,45683,NA,3,6539,FALSE,"Syverson-Blois"
"TEMP1708",NA,7316,"event",12900,1194,45683,NA,3,6539,FALSE,"Syverson-Blois"
"TEMP1709",NA,7321,"bounds",924,664,45678,NA,3,6539,FALSE,"Syverson-Blois"
"TEMP1710",NA,7321,"event",834,744,45678,NA,3,6539,FALSE,"Syverson-Blois"
"TEMP1711",NA,7322,"bounds",1974,1384,45678,NA,3,6539,FALSE,"Syverson-Blois"
"TEMP1712",NA,7322,"event",1794,1554,45678,NA,3,6539,FALSE,"Syverson-Blois"
"TEMP1713",NA,7326,"bounds",9874,-56,45683,NA,3,6539,FALSE,"Syverson-Blois"
"TEMP1714",NA,7326,"event",9064,244,45683,NA,3,6539,FALSE,"Syverson-Blois"
"TEMP1715",NA,7328,"bounds",1114,724,45678,NA,3,6539,FALSE,"Syverson-Blois"
"TEMP1716",NA,7328,"event",984,854,45678,NA,3,6539,FALSE,"Syverson-Blois"
"TEMP1717",NA,7332,"bounds",11934,550,45678,NA,3,6539,FALSE,"Syverson-Blois"
"TEMP1718",NA,7332,"event",11074,550,45678,NA,3,6539,FALSE,"Syverson-Blois"
"TEMP1719",NA,7333,"bounds",1754,1074,45678,NA,3,6539,FALSE,"Syverson-Blois"
"TEMP1720",NA,7333,"event",1534,1294,45678,NA,3,6539,FALSE,"Syverson-Blois"
"TEMP1721",NA,7336,"bounds",1644,524,45683,NA,3,6539,FALSE,"Syverson-Blois"
"TEMP1722",NA,7336,"event",1374,664,45683,NA,3,6539,FALSE,"Syverson-Blois"
"TEMP1723",NA,7337,"bounds",1654,294,45683,NA,3,6539,FALSE,"Syverson-Blois"
"TEMP1724",NA,7337,"event",1364,564,45683,NA,3,6539,FALSE,"Syverson-Blois"
"TEMP1725",NA,7346,"bounds",3664,3354,45678,NA,3,6539,FALSE,"Syverson-Blois"
"TEMP1726",NA,7346,"event",3584,3434,45678,NA,3,6539,FALSE,"Syverson-Blois"
"TEMP1727",NA,7347,"bounds",4184,3334,45678,NA,3,6539,FALSE,"Syverson-Blois"
"TEMP1728",NA,7347,"event",3944,3574,45678,NA,3,6539,FALSE,"Syverson-Blois"
"TEMP1729",NA,7348,"bounds",3974,3464,45678,NA,3,6539,FALSE,"Syverson-Blois"
"TEMP1730",NA,7348,"event",3834,3614,45678,NA,3,6539,FALSE,"Syverson-Blois"
"TEMP1731",NA,7350,"bounds",2604,1434,45678,NA,3,6539,FALSE,"Syverson-Blois"
"TEMP1732",NA,7350,"event",2204,1824,45678,NA,3,6539,FALSE,"Syverson-Blois"
"TEMP1733",NA,7352,"bounds",3574,744,45683,NA,3,6539,FALSE,"Syverson-Blois"
"TEMP1734",NA,7352,"event",3024,1194,45683,NA,3,6539,FALSE,"Syverson-Blois"
"TEMP1735",NA,7408,"bounds",894,704,45678,NA,3,6539,FALSE,"Syverson-Blois"
"TEMP1736",NA,7408,"event",844,754,45678,NA,3,6539,FALSE,"Syverson-Blois"
"TEMP1737",NA,7440,"bounds",16744,324,45683,NA,3,6539,FALSE,"Syverson-Blois"
"TEMP1738",NA,7440,"event",14184,2404,45683,NA,3,6539,FALSE,"Syverson-Blois"
"TEMP1739",NA,7441,"bounds",1284,874,45678,NA,3,6539,FALSE,"Syverson-Blois"
"TEMP1740",NA,7441,"event",1164,1014,45678,NA,3,6539,FALSE,"Syverson-Blois"
"TEMP1741",NA,7449,"bounds",3814,944,45678,NA,3,6539,FALSE,"Syverson-Blois"
"TEMP1742",NA,7449,"event",2834,1914,45678,NA,3,6539,FALSE,"Syverson-Blois"
"TEMP1743",NA,7451,"bounds",2054,804,45678,NA,3,6539,FALSE,"Syverson-Blois"
"TEMP1744",NA,7451,"event",1624,1234,45678,NA,3,6539,FALSE,"Syverson-Blois"
"TEMP1745",NA,7454,"bounds",1184,734,45683,NA,3,6539,FALSE,"Syverson-Blois"
"TEMP1746",NA,7454,"event",1124,784,45683,NA,3,6539,FALSE,"Syverson-Blois"
"TEMP1747",NA,7457,"bounds",894,664,45678,NA,3,6539,FALSE,"Syverson-Blois"
"TEMP1748",NA,7457,"event",814,724,45678,NA,3,6539,FALSE,"Syverson-Blois"
"TEMP1749",NA,7460,"bounds",1534,1264,45678,NA,3,6539,FALSE,"Syverson-Blois"
"TEMP1750",NA,7460,"event",1444,1354,45678,NA,3,6539,FALSE,"Syverson-Blois"
"TEMP1751",NA,7463,"bounds",1324,984,45678,NA,3,6539,FALSE,"Syverson-Blois"
"TEMP1752",NA,7463,"event",1224,1104,45678,NA,3,6539,FALSE,"Syverson-Blois"
"TEMP1753",NA,7467,"bounds",2554,2064,45678,NA,3,6539,FALSE,"Syverson-Blois"
"TEMP1754",NA,7467,"event",2394,2214,45678,NA,3,6539,FALSE,"Syverson-Blois"
"TEMP1755",NA,7468,"bounds",1650,1000,45678,NA,3,6539,FALSE,"Syverson-Blois"
"TEMP1756",NA,7468,"event",1650,1000,45678,NA,3,6539,FALSE,"Syverson-Blois"
"TEMP1757",NA,7470,"bounds",934,784,45678,NA,3,6539,FALSE,"Syverson-Blois"
"TEMP1758",NA,7470,"event",894,824,45678,NA,3,6539,FALSE,"Syverson-Blois"
"TEMP1759",NA,7471,"bounds",1644,1054,45678,NA,3,6539,FALSE,"Syverson-Blois"
"TEMP1760",NA,7471,"event",1454,1244,45678,NA,3,6539,FALSE,"Syverson-Blois"
"TEMP1761",NA,7483,"bounds",1784,514,45678,NA,3,6539,FALSE,"Syverson-Blois"
"TEMP1762",NA,7483,"event",1374,924,45678,NA,3,6539,FALSE,"Syverson-Blois"
"TEMP1763",NA,7485,"bounds",1434,644,45678,NA,3,6539,FALSE,"Syverson-Blois"
"TEMP1764",NA,7485,"event",1174,914,45678,NA,3,6539,FALSE,"Syverson-Blois"
"TEMP1765",NA,7490,"bounds",6774,5544,45678,NA,3,6539,FALSE,"Syverson-Blois"
"TEMP1766",NA,7490,"event",6384,5934,45678,NA,3,6539,FALSE,"Syverson-Blois"
"TEMP1767",NA,7491,"bounds",7674,1722,45683,NA,3,6539,FALSE,"Syverson-Blois"
"TEMP1768",NA,7491,"event",7634,1762,45683,NA,3,6539,FALSE,"Syverson-Blois"
"TEMP1769",NA,7492,"bounds",724,664,45678,NA,3,6539,FALSE,"Syverson-Blois"
"TEMP1770",NA,7492,"event",704,684,45678,NA,3,6539,FALSE,"Syverson-Blois"
"TEMP1771",NA,7497,"bounds",5604,784,45683,NA,3,6539,FALSE,"Syverson-Blois"
"TEMP1772",NA,7497,"event",5274,864,45683,NA,3,6539,FALSE,"Syverson-Blois"
"TEMP1773",NA,7499,"bounds",6014,1814,45678,NA,3,6539,FALSE,"Syverson-Blois"
"TEMP1774",NA,7499,"event",4744,3094,45678,NA,3,6539,FALSE,"Syverson-Blois"
"TEMP1775",NA,7500,"bounds",1364,-36,45678,NA,3,6539,FALSE,"Syverson-Blois"
"TEMP1776",NA,7500,"event",884,454,45678,NA,3,6539,FALSE,"Syverson-Blois"
"TEMP1777",NA,7506,"bounds",2274,-75,45678,"younger age limits truncated at publication date (2025 CE)",3,6539,FALSE,"Syverson-Blois"
"TEMP1778",NA,7506,"event",1444,464,45678,NA,3,6539,FALSE,"Syverson-Blois"
"TEMP1779",NA,7509,"bounds",554,324,45678,NA,3,6539,FALSE,"Syverson-Blois"
"TEMP1780",NA,7509,"event",494,384,45678,NA,3,6539,FALSE,"Syverson-Blois"
"TEMP1781",NA,7510,"bounds",7714,410,45683,NA,3,6539,FALSE,"Syverson-Blois"
"TEMP1782",NA,7510,"event",6394,410,45683,NA,3,6539,FALSE,"Syverson-Blois"
"TEMP1783",NA,7515,"bounds",5844,1494,45678,NA,3,6539,FALSE,"Syverson-Blois"
"TEMP1784",NA,7515,"event",4504,2804,45678,NA,3,6539,FALSE,"Syverson-Blois"
"TEMP1785",NA,7519,"bounds",3594,2904,45678,NA,3,6539,FALSE,"Syverson-Blois"
"TEMP1786",NA,7519,"event",3374,3154,45678,NA,3,6539,FALSE,"Syverson-Blois"
"TEMP1787",NA,7523,"bounds",1404,1164,45678,NA,3,6539,FALSE,"Syverson-Blois"
"TEMP1788",NA,7523,"event",1324,1244,45678,NA,3,6539,FALSE,"Syverson-Blois"
"TEMP1789",NA,7533,"bounds",24514,10874,45678,NA,3,6539,FALSE,"Syverson-Blois"
"TEMP1790",NA,7533,"event",20394,15004,45678,NA,3,6539,FALSE,"Syverson-Blois"
"TEMP1791",NA,7535,"bounds",874,164,45678,NA,3,6539,FALSE,"Syverson-Blois"
"TEMP1792",NA,7535,"event",634,404,45678,NA,3,6539,FALSE,"Syverson-Blois"
"TEMP1793",NA,7540,"bounds",11700,3764,45683,NA,3,6539,FALSE,"Syverson-Blois"
"TEMP1794",NA,7540,"event",11700,4454,45683,NA,3,6539,FALSE,"Syverson-Blois"
"TEMP1795",NA,7559,"bounds",2774,654,45678,NA,3,6539,FALSE,"Syverson-Blois"
"TEMP1796",NA,7559,"event",2054,1374,45678,NA,3,6539,FALSE,"Syverson-Blois"
"TEMP1797",NA,7561,"bounds",3804,1014,45678,NA,3,6539,FALSE,"Syverson-Blois"
"TEMP1798",NA,7561,"event",2934,1874,45678,NA,3,6539,FALSE,"Syverson-Blois"
"TEMP1799",NA,7562,"bounds",6000,314,45683,NA,3,6539,FALSE,"Syverson-Blois"
"TEMP1800",NA,7562,"event",6000,554,45683,NA,3,6539,FALSE,"Syverson-Blois"
"TEMP1801",NA,7563,"bounds",40300,20200,45678,NA,3,6539,FALSE,"Syverson-Blois"
"TEMP1802",NA,7563,"event",33400,27100,45678,NA,3,6539,FALSE,"Syverson-Blois"
"TEMP1803",NA,7564,"bounds",1014,654,45678,NA,3,6539,FALSE,"Syverson-Blois"
"TEMP1804",NA,7564,"event",894,764,45678,NA,3,6539,FALSE,"Syverson-Blois"
"TEMP1805",NA,7565,"bounds",17104,9384,45678,NA,3,6539,FALSE,"Syverson-Blois"
"TEMP1806",NA,7565,"event",14584,11694,45678,NA,3,6539,FALSE,"Syverson-Blois"
"TEMP1807",NA,7566,"bounds",37500,14900,45678,NA,3,6539,FALSE,"Syverson-Blois"
"TEMP1808",NA,7566,"event",30300,21600,45678,NA,3,6539,FALSE,"Syverson-Blois"
"TEMP1809",NA,7568,"bounds",15914,12894,45678,NA,3,6539,FALSE,"Syverson-Blois"
"TEMP1810",NA,7568,"event",14914,13884,45678,NA,3,6539,FALSE,"Syverson-Blois"
"TEMP1811",NA,7569,"bounds",15954,1954,45678,NA,3,6539,FALSE,"Syverson-Blois"
"TEMP1812",NA,7569,"event",11604,6314,45678,NA,3,6539,FALSE,"Syverson-Blois"
"TEMP1813",NA,7571,"bounds",17664,15434,45678,NA,3,6539,FALSE,"Syverson-Blois"
"TEMP1814",NA,7571,"event",16914,16184,45678,NA,3,6539,FALSE,"Syverson-Blois"
"TEMP1815",NA,7574,"bounds",34500,17800,45678,NA,3,6539,FALSE,"Syverson-Blois"
"TEMP1816",NA,7574,"event",29300,23100,45678,NA,3,6539,FALSE,"Syverson-Blois"
"TEMP1817",NA,7587,"bounds",1524,314,45678,NA,3,6539,FALSE,"Syverson-Blois"
"TEMP1818",NA,7587,"event",1144,694,45678,NA,3,6539,FALSE,"Syverson-Blois"
"TEMP1819",NA,7602,"bounds",13494,12654,45678,NA,3,6539,FALSE,"Syverson-Blois"
"TEMP1820",NA,7602,"event",13204,12934,45678,NA,3,6539,FALSE,"Syverson-Blois"
"TEMP1821",NA,7609,"bounds",1474,764,45678,NA,3,6539,FALSE,"Syverson-Blois"
"TEMP1822",NA,7609,"event",1244,1004,45678,NA,3,6539,FALSE,"Syverson-Blois"
"TEMP1823",NA,7614,"bounds",46000,26400,45678,NA,3,6539,FALSE,"Syverson-Blois"
"TEMP1824",NA,7614,"event",39600,33000,45678,NA,3,6539,FALSE,"Syverson-Blois"
"TEMP1825",NA,7615,"bounds",28504,23674,45678,NA,3,6539,FALSE,"Syverson-Blois"
"TEMP1826",NA,7615,"event",26894,25294,45678,NA,3,6539,FALSE,"Syverson-Blois"
"TEMP1827",NA,7623,"bounds",46200,-75,45678,"younger age limits truncated at publication date (2025 CE)",3,6539,FALSE,"Syverson-Blois"
"TEMP1828",NA,7623,"event",31100,12600,45678,NA,3,6539,FALSE,"Syverson-Blois"
"TEMP1829",NA,7624,"bounds",23444,22084,45678,NA,3,6539,FALSE,"Syverson-Blois"
"TEMP1830",NA,7624,"event",22984,22534,45678,NA,3,6539,FALSE,"Syverson-Blois"
"TEMP1831",NA,7625,"bounds",18774,17304,45678,NA,3,6539,FALSE,"Syverson-Blois"
"TEMP1832",NA,7625,"event",18254,17824,45678,NA,3,6539,FALSE,"Syverson-Blois"
"TEMP1833",NA,7626,"bounds",21084,20244,45678,NA,3,6539,FALSE,"Syverson-Blois"
"TEMP1834",NA,7626,"event",20804,20524,45678,NA,3,6539,FALSE,"Syverson-Blois"
"TEMP1835",NA,7627,"bounds",19214,11024,45678,NA,3,6539,FALSE,"Syverson-Blois"
"TEMP1836",NA,7627,"event",16624,13584,45678,NA,3,6539,FALSE,"Syverson-Blois"
"TEMP1837",NA,7630,"bounds",1064,824,45678,NA,3,6539,FALSE,"Syverson-Blois"
"TEMP1838",NA,7630,"event",974,904,45678,NA,3,6539,FALSE,"Syverson-Blois"
"TEMP1839",NA,7634,"bounds",7274,2224,45678,NA,3,6539,FALSE,"Syverson-Blois"
"TEMP1840",NA,7634,"event",5684,3824,45678,NA,3,6539,FALSE,"Syverson-Blois"
"TEMP1841",NA,7642,"bounds",2354,24,45678,NA,3,6539,FALSE,"Syverson-Blois"
"TEMP1842",NA,7642,"event",1614,754,45678,NA,3,6539,FALSE,"Syverson-Blois"
"TEMP1843",NA,7643,"bounds",4244,414,45678,NA,3,6539,FALSE,"Syverson-Blois"
"TEMP1844",NA,7643,"event",3064,1574,45678,NA,3,6539,FALSE,"Syverson-Blois"
"TEMP1845",NA,7650,"bounds",7924,174,45683,NA,3,6539,FALSE,"Syverson-Blois"
"TEMP1846",NA,7650,"event",7134,1314,45683,NA,3,6539,FALSE,"Syverson-Blois"
"TEMP1847",NA,7651,"bounds",32114,924,45678,NA,3,6539,FALSE,"Syverson-Blois"
"TEMP1848",NA,7651,"event",22734,10384,45678,NA,3,6539,FALSE,"Syverson-Blois"
"TEMP1849",NA,7652,"bounds",5714,2834,45678,NA,3,6539,FALSE,"Syverson-Blois"
"TEMP1850",NA,7652,"event",4744,3804,45678,NA,3,6539,FALSE,"Syverson-Blois"
"TEMP1851",NA,7653,"bounds",1174,814,45678,NA,3,6539,FALSE,"Syverson-Blois"
"TEMP1852",NA,7653,"event",1054,934,45678,NA,3,6539,FALSE,"Syverson-Blois"
"TEMP1853",NA,7654,"bounds",8244,7154,45678,NA,3,6539,FALSE,"Syverson-Blois"
"TEMP1854",NA,7654,"event",7894,7494,45678,NA,3,6539,FALSE,"Syverson-Blois"
"TEMP1855",NA,7656,"bounds",12164,234,45678,NA,3,6539,FALSE,"Syverson-Blois"
"TEMP1856",NA,7656,"event",8394,3934,45678,NA,3,6539,FALSE,"Syverson-Blois"
"TEMP1857",NA,7678,"bounds",3644,2094,45678,NA,3,6539,FALSE,"Syverson-Blois"
"TEMP1858",NA,7678,"event",3124,2594,45678,NA,3,6539,FALSE,"Syverson-Blois"
"TEMP1859",NA,8751,"bounds",644,504,45678,NA,3,6539,FALSE,"Syverson-Blois"
"TEMP1860",NA,8751,"event",594,544,45678,NA,3,6539,FALSE,"Syverson-Blois"
"TEMP1861",NA,10879,"bounds",7714,6574,45678,NA,3,6539,FALSE,"Syverson-Blois"
"TEMP1862",NA,10879,"event",7324,6964,45678,NA,3,6539,FALSE,"Syverson-Blois"
"TEMP1863",NA,10924,"bounds",26000,0,45683,NA,3,6539,FALSE,"Syverson-Blois"
"TEMP1864",NA,10924,"event",26000,0,45683,NA,3,6539,FALSE,"Syverson-Blois"
"TEMP1865",NA,11330,"bounds",20150,18200,45678,NA,3,6539,FALSE,"Syverson-Blois"
"TEMP1866",NA,11330,"event",19450,18750,45678,NA,3,6539,FALSE,"Syverson-Blois"
"TEMP1867",NA,11348,"bounds",16974,12844,45678,NA,3,6539,FALSE,"Syverson-Blois"
"TEMP1868",NA,11348,"event",15554,14234,45678,NA,3,6539,FALSE,"Syverson-Blois"
"TEMP1869",NA,11403,"bounds",31874,25824,45678,NA,3,6539,FALSE,"Syverson-Blois"
"TEMP1870",NA,11403,"event",29854,27844,45678,NA,3,6539,FALSE,"Syverson-Blois"
"TEMP1871",NA,11441,"bounds",13524,13174,45678,NA,3,6539,FALSE,"Syverson-Blois"
"TEMP1872",NA,11441,"event",13404,13294,45678,NA,3,6539,FALSE,"Syverson-Blois"
"TEMP1873",NA,11515,"bounds",13054,12492,45678,NA,3,6539,FALSE,"Syverson-Blois"
"TEMP1874",NA,11515,"event",12857,12692,45678,NA,3,6539,FALSE,"Syverson-Blois"
"TEMP1875",NA,11552,"bounds",45400,34200,45678,NA,3,6539,FALSE,"Syverson-Blois"
"TEMP1876",NA,11552,"event",41600,37900,45678,NA,3,6539,FALSE,"Syverson-Blois"
"TEMP1877",NA,11555,"bounds",23022,0,45683,NA,3,6539,FALSE,"Syverson-Blois"
"TEMP1878",NA,11555,"event",16557,0,45683,NA,3,6539,FALSE,"Syverson-Blois"
"TEMP1879",NA,11771,"bounds",22560,15000,45678,NA,3,6539,FALSE,"Syverson-Blois"
"TEMP1880",NA,11771,"event",20360,17660,45678,NA,3,6539,FALSE,"Syverson-Blois"
"TEMP1881",NA,11848,"bounds",16914,164,45678,NA,3,6539,FALSE,"Syverson-Blois"
"TEMP1882",NA,11848,"event",11844,5244,45678,NA,3,6539,FALSE,"Syverson-Blois"
"TEMP1883",NA,11865,"bounds",32294,29814,45678,NA,3,6539,FALSE,"Syverson-Blois"
"TEMP1884",NA,11865,"event",31494,30604,45678,NA,3,6539,FALSE,"Syverson-Blois"
"TEMP1885",NA,11866,"bounds",7414,6574,45678,NA,3,6539,FALSE,"Syverson-Blois"
"TEMP1886",NA,11866,"event",7144,6844,45678,NA,3,6539,FALSE,"Syverson-Blois"
"TEMP1887",NA,11953,"bounds",25644,14404,45678,NA,3,6539,FALSE,"Syverson-Blois"
"TEMP1888",NA,11953,"event",22144,17824,45678,NA,3,6539,FALSE,"Syverson-Blois"
"TEMP1889",NA,13353,"bounds",11264,0,45683,NA,3,6539,FALSE,"Syverson-Blois"
"TEMP1890",NA,13353,"event",11004,0,45683,NA,3,6539,FALSE,"Syverson-Blois"
"TEMP1891",NA,13356,"bounds",524,494,45678,NA,3,6539,FALSE,"Syverson-Blois"
"TEMP1892",NA,13356,"event",514,504,45678,NA,3,6539,FALSE,"Syverson-Blois"
"TEMP1893",NA,13444,"bounds",13614,11354,45678,NA,3,6539,FALSE,"Syverson-Blois"
"TEMP1894",NA,13444,"event",12854,12124,45678,NA,3,6539,FALSE,"Syverson-Blois"
"TEMP1895",NA,13445,"bounds",14054,11224,45678,NA,3,6539,FALSE,"Syverson-Blois"
"TEMP1896",NA,13445,"event",13094,12174,45678,NA,3,6539,FALSE,"Syverson-Blois"
"TEMP1897",NA,13446,"bounds",13504,10454,45678,NA,3,6539,FALSE,"Syverson-Blois"
"TEMP1898",NA,13446,"event",12514,11454,45678,NA,3,6539,FALSE,"Syverson-Blois"
"TEMP1899",NA,13447,"bounds",12554,10904,45678,NA,3,6539,FALSE,"Syverson-Blois"
"TEMP1900",NA,13447,"event",11984,11444,45678,NA,3,6539,FALSE,"Syverson-Blois"
"TEMP1901",NA,13479,"bounds",23094,13824,45678,NA,3,6539,FALSE,"Syverson-Blois"
"TEMP1902",NA,13479,"event",19934,16974,45678,NA,3,6539,FALSE,"Syverson-Blois"
"TEMP1903",NA,13480,"bounds",19234,15614,45678,NA,3,6539,FALSE,"Syverson-Blois"
"TEMP1904",NA,13480,"event",18014,16834,45678,NA,3,6539,FALSE,"Syverson-Blois"
"TEMP1905",NA,13481,"bounds",29700,15600,45678,NA,3,6539,FALSE,"Syverson-Blois"
"TEMP1906",NA,13481,"event",24900,20300,45678,NA,3,6539,FALSE,"Syverson-Blois"
"TEMP1907",NA,13496,"bounds",25024,14534,45678,NA,3,6539,FALSE,"Syverson-Blois"
"TEMP1908",NA,13496,"event",21404,18094,45678,NA,3,6539,FALSE,"Syverson-Blois"
"TEMP1909",NA,13497,"bounds",21874,10564,45678,NA,3,6539,FALSE,"Syverson-Blois"
"TEMP1910",NA,13497,"event",18274,14184,45678,NA,3,6539,FALSE,"Syverson-Blois"
"TEMP1911",NA,14886,"bounds",42644,9434,45683,NA,3,6539,FALSE,"Syverson-Blois"
"TEMP1912",NA,14886,"event",42004,9884,45683,NA,3,6539,FALSE,"Syverson-Blois"
"TEMP1913",NA,15293,"bounds",4534,3544,45678,NA,3,6539,FALSE,"Syverson-Blois"
"TEMP1914",NA,15293,"event",4224,3854,45678,NA,3,6539,FALSE,"Syverson-Blois"
"TEMP1915",NA,15295,"bounds",764,124,45678,NA,3,6539,FALSE,"Syverson-Blois"
"TEMP1916",NA,15295,"event",564,324,45678,NA,3,6539,FALSE,"Syverson-Blois"
"TEMP1917",NA,15296,"bounds",42774,32494,45678,NA,3,6539,FALSE,"Syverson-Blois"
"TEMP1918",NA,15296,"event",39464,35794,45678,NA,3,6539,FALSE,"Syverson-Blois"
"TEMP1919",NA,15299,"bounds",8284,5274,45678,NA,3,6539,FALSE,"Syverson-Blois"
"TEMP1920",NA,15299,"event",7264,6284,45678,NA,3,6539,FALSE,"Syverson-Blois"
"TEMP1921",NA,15302,"bounds",3484,2394,45678,NA,3,6539,FALSE,"Syverson-Blois"
"TEMP1922",NA,15302,"event",3114,2774,45678,NA,3,6539,FALSE,"Syverson-Blois"
"TEMP1923",NA,15303,"bounds",5734,4494,45678,NA,3,6539,FALSE,"Syverson-Blois"
"TEMP1924",NA,15303,"event",5314,4914,45678,NA,3,6539,FALSE,"Syverson-Blois"
"TEMP1925",NA,15304,"bounds",954,-6,45678,NA,3,6539,FALSE,"Syverson-Blois"
"TEMP1926",NA,15304,"event",624,324,45678,NA,3,6539,FALSE,"Syverson-Blois"
"TEMP1927",NA,15305,"bounds",2814,1004,45678,NA,3,6539,FALSE,"Syverson-Blois"
"TEMP1928",NA,15305,"event",2194,1624,45678,NA,3,6539,FALSE,"Syverson-Blois"
"TEMP1929",NA,15306,"bounds",2604,1514,45678,NA,3,6539,FALSE,"Syverson-Blois"
"TEMP1930",NA,15306,"event",2244,1874,45678,NA,3,6539,FALSE,"Syverson-Blois"
"TEMP1931",NA,15307,"bounds",5004,1094,45678,NA,3,6539,FALSE,"Syverson-Blois"
"TEMP1932",NA,15307,"event",3654,2434,45678,NA,3,6539,FALSE,"Syverson-Blois"
"TEMP1933",NA,15308,"bounds",2754,1574,45678,NA,3,6539,FALSE,"Syverson-Blois"
"TEMP1934",NA,15308,"event",2344,1984,45678,NA,3,6539,FALSE,"Syverson-Blois"
"TEMP1935",NA,15309,"bounds",404,-75,45678,"younger age limits truncated at publication date (2025 CE)",3,6539,FALSE,"Syverson-Blois"
"TEMP1936",NA,15309,"event",244,64,45678,NA,3,6539,FALSE,"Syverson-Blois"
"TEMP1937",NA,15310,"bounds",464,-75,45678,"younger age limits truncated at publication date (2025 CE)",3,6539,FALSE,"Syverson-Blois"
"TEMP1938",NA,15310,"event",264,54,45678,NA,3,6539,FALSE,"Syverson-Blois"
"TEMP1939",NA,15311,"bounds",2824,1604,45678,NA,3,6539,FALSE,"Syverson-Blois"
"TEMP1940",NA,15311,"event",2404,2024,45678,NA,3,6539,FALSE,"Syverson-Blois"
"TEMP1941",NA,15312,"bounds",784,384,45678,NA,3,6539,FALSE,"Syverson-Blois"
"TEMP1942",NA,15312,"event",644,524,45678,NA,3,6539,FALSE,"Syverson-Blois"
"TEMP1943",NA,15313,"bounds",984,54,45678,NA,3,6539,FALSE,"Syverson-Blois"
"TEMP1944",NA,15313,"event",664,364,45678,NA,3,6539,FALSE,"Syverson-Blois"
"TEMP1945",NA,15314,"bounds",544,-75,45678,"younger age limits truncated at publication date (2025 CE)",3,6539,FALSE,"Syverson-Blois"
"TEMP1946",NA,15314,"event",324,74,45678,NA,3,6539,FALSE,"Syverson-Blois"
"TEMP1947",NA,15315,"bounds",5014,3004,45678,NA,3,6539,FALSE,"Syverson-Blois"
"TEMP1948",NA,15315,"event",4324,3694,45678,NA,3,6539,FALSE,"Syverson-Blois"
"TEMP1949",NA,15317,"bounds",2344,1064,45678,NA,3,6539,FALSE,"Syverson-Blois"
"TEMP1950",NA,15317,"event",1904,1504,45678,NA,3,6539,FALSE,"Syverson-Blois"
"TEMP1951",NA,15318,"bounds",3454,1894,45678,NA,3,6539,FALSE,"Syverson-Blois"
"TEMP1952",NA,15318,"event",2914,2424,45678,NA,3,6539,FALSE,"Syverson-Blois"
"TEMP1953",NA,15319,"bounds",2124,1334,45678,NA,3,6539,FALSE,"Syverson-Blois"
"TEMP1954",NA,15319,"event",1854,1604,45678,NA,3,6539,FALSE,"Syverson-Blois"
"TEMP1955",NA,15320,"bounds",824,254,45678,NA,3,6539,FALSE,"Syverson-Blois"
"TEMP1956",NA,15320,"event",634,454,45678,NA,3,6539,FALSE,"Syverson-Blois"
"TEMP1957",NA,15321,"bounds",9484,8154,45678,NA,3,6539,FALSE,"Syverson-Blois"
"TEMP1958",NA,15321,"event",9024,8604,45678,NA,3,6539,FALSE,"Syverson-Blois"
"TEMP1959",NA,15323,"bounds",2934,1924,45678,NA,3,6539,FALSE,"Syverson-Blois"
"TEMP1960",NA,15323,"event",2604,2264,45678,NA,3,6539,FALSE,"Syverson-Blois"
"TEMP1961",NA,15324,"bounds",5154,3654,45678,NA,3,6539,FALSE,"Syverson-Blois"
"TEMP1962",NA,15324,"event",4644,4154,45678,NA,3,6539,FALSE,"Syverson-Blois"
"TEMP1963",NA,15325,"bounds",6104,4894,45678,NA,3,6539,FALSE,"Syverson-Blois"
"TEMP1964",NA,15325,"event",5674,5314,45678,NA,3,6539,FALSE,"Syverson-Blois"
"TEMP1965",NA,15326,"bounds",2594,1274,45678,NA,3,6539,FALSE,"Syverson-Blois"
"TEMP1966",NA,15326,"event",2144,1724,45678,NA,3,6539,FALSE,"Syverson-Blois"
"TEMP1967",NA,15327,"bounds",6304,5014,45678,NA,3,6539,FALSE,"Syverson-Blois"
"TEMP1968",NA,15327,"event",5864,5454,45678,NA,3,6539,FALSE,"Syverson-Blois"
"TEMP1969",NA,15328,"bounds",2014,1014,45678,NA,3,6539,FALSE,"Syverson-Blois"
"TEMP1970",NA,15328,"event",1674,1364,45678,NA,3,6539,FALSE,"Syverson-Blois"
"TEMP1971",NA,15329,"bounds",974,4,45678,NA,3,6539,FALSE,"Syverson-Blois"
"TEMP1972",NA,15329,"event",634,334,45678,NA,3,6539,FALSE,"Syverson-Blois"
"TEMP1973",NA,15330,"bounds",794,-26,45678,NA,3,6539,FALSE,"Syverson-Blois"
"TEMP1974",NA,15330,"event",514,264,45678,NA,3,6539,FALSE,"Syverson-Blois"
"TEMP1975",NA,15331,"bounds",2534,1374,45678,NA,3,6539,FALSE,"Syverson-Blois"
"TEMP1976",NA,15331,"event",2134,1764,45678,NA,3,6539,FALSE,"Syverson-Blois"
"TEMP1977",NA,15332,"bounds",3104,1794,45678,NA,3,6539,FALSE,"Syverson-Blois"
"TEMP1978",NA,15332,"event",2664,2224,45678,NA,3,6539,FALSE,"Syverson-Blois"
"TEMP1979",NA,15333,"bounds",764,284,45678,NA,3,6539,FALSE,"Syverson-Blois"
"TEMP1980",NA,15333,"event",604,454,45678,NA,3,6539,FALSE,"Syverson-Blois"
"TEMP1981",NA,15334,"bounds",2404,1274,45678,NA,3,6539,FALSE,"Syverson-Blois"
"TEMP1982",NA,15334,"event",2014,1664,45678,NA,3,6539,FALSE,"Syverson-Blois"
"TEMP1983",NA,15335,"bounds",4064,2954,45678,NA,3,6539,FALSE,"Syverson-Blois"
"TEMP1984",NA,15335,"event",3684,3334,45678,NA,3,6539,FALSE,"Syverson-Blois"
"TEMP1985",NA,15336,"bounds",1444,844,45678,NA,3,6539,FALSE,"Syverson-Blois"
"TEMP1986",NA,15336,"event",1254,1044,45678,NA,3,6539,FALSE,"Syverson-Blois"
"TEMP1987",NA,15337,"bounds",2524,1114,45678,NA,3,6539,FALSE,"Syverson-Blois"
"TEMP1988",NA,15337,"event",2044,1584,45678,NA,3,6539,FALSE,"Syverson-Blois"
"TEMP1989",NA,15338,"bounds",2294,1484,45678,NA,3,6539,FALSE,"Syverson-Blois"
"TEMP1990",NA,15338,"event",2014,1764,45678,NA,3,6539,FALSE,"Syverson-Blois"
"TEMP1991",NA,15339,"bounds",3034,2184,45678,NA,3,6539,FALSE,"Syverson-Blois"
"TEMP1992",NA,15339,"event",2754,2464,45678,NA,3,6539,FALSE,"Syverson-Blois"
"TEMP1993",NA,15342,"bounds",804,-46,45678,NA,3,6539,FALSE,"Syverson-Blois"
"TEMP1994",NA,15342,"event",514,254,45678,NA,3,6539,FALSE,"Syverson-Blois"
"TEMP1995",NA,15343,"bounds",11224,8604,45678,NA,3,6539,FALSE,"Syverson-Blois"
"TEMP1996",NA,15343,"event",10314,9514,45678,NA,3,6539,FALSE,"Syverson-Blois"
"TEMP1997",NA,15344,"bounds",13624,7444,45678,NA,3,6539,FALSE,"Syverson-Blois"
"TEMP1998",NA,15344,"event",11524,9524,45678,NA,3,6539,FALSE,"Syverson-Blois"
"TEMP1999",NA,15346,"bounds",9844,7664,45678,NA,3,6539,FALSE,"Syverson-Blois"
"TEMP2000",NA,15346,"event",9104,8394,45678,NA,3,6539,FALSE,"Syverson-Blois"
"TEMP2001",NA,15347,"bounds",11734,9354,45678,NA,3,6539,FALSE,"Syverson-Blois"
"TEMP2002",NA,15347,"event",10924,10174,45678,NA,3,6539,FALSE,"Syverson-Blois"
"TEMP2003",NA,15348,"bounds",564,-75,45678,"younger age limits truncated at publication date (2025 CE)",3,6539,FALSE,"Syverson-Blois"
"TEMP2004",NA,15348,"event",334,74,45678,NA,3,6539,FALSE,"Syverson-Blois"
"TEMP2005",NA,15354,"bounds",18774,13044,45678,NA,3,6539,FALSE,"Syverson-Blois"
"TEMP2006",NA,15354,"event",16864,14954,45678,NA,3,6539,FALSE,"Syverson-Blois"
"TEMP2007",NA,15356,"bounds",1654,754,45678,NA,3,6539,FALSE,"Syverson-Blois"
"TEMP2008",NA,15356,"event",1344,1064,45678,NA,3,6539,FALSE,"Syverson-Blois"
"TEMP2009",NA,15357,"bounds",2424,804,45678,NA,3,6539,FALSE,"Syverson-Blois"
"TEMP2010",NA,15357,"event",1874,1354,45678,NA,3,6539,FALSE,"Syverson-Blois"
"TEMP2011",NA,15358,"bounds",12124,8304,45678,NA,3,6539,FALSE,"Syverson-Blois"
"TEMP2012",NA,15358,"event",10834,9594,45678,NA,3,6539,FALSE,"Syverson-Blois"
"TEMP2013",NA,15359,"bounds",36400,23900,45678,NA,3,6539,FALSE,"Syverson-Blois"
"TEMP2014",NA,15359,"event",32100,28200,45678,NA,3,6539,FALSE,"Syverson-Blois"
"TEMP2015",NA,15360,"bounds",8354,6284,45678,NA,3,6539,FALSE,"Syverson-Blois"
"TEMP2016",NA,15360,"event",7644,6984,45678,NA,3,6539,FALSE,"Syverson-Blois"
"TEMP2017",NA,15361,"bounds",12044,7804,45678,NA,3,6539,FALSE,"Syverson-Blois"
"TEMP2018",NA,15361,"event",10604,9244,45678,NA,3,6539,FALSE,"Syverson-Blois"
"TEMP2019",NA,15362,"bounds",514,-16,45678,NA,3,6539,FALSE,"Syverson-Blois"
"TEMP2020",NA,15362,"event",354,174,45678,NA,3,6539,FALSE,"Syverson-Blois"
"TEMP2021",NA,15364,"bounds",18634,9424,45678,NA,3,6539,FALSE,"Syverson-Blois"
"TEMP2022",NA,15364,"event",15704,12374,45678,NA,3,6539,FALSE,"Syverson-Blois"
"TEMP2023",NA,15365,"bounds",12154,6584,45678,NA,3,6539,FALSE,"Syverson-Blois"
"TEMP2024",NA,15365,"event",10374,8354,45678,NA,3,6539,FALSE,"Syverson-Blois"
"TEMP2025",NA,15369,"bounds",11514,9754,45678,NA,3,6539,FALSE,"Syverson-Blois"
"TEMP2026",NA,15369,"event",10944,10344,45678,NA,3,6539,FALSE,"Syverson-Blois"
"TEMP2027",NA,15370,"bounds",10014,8164,45678,NA,3,6539,FALSE,"Syverson-Blois"
"TEMP2028",NA,15370,"event",9404,8764,45678,NA,3,6539,FALSE,"Syverson-Blois"
"TEMP2029",NA,15374,"bounds",2194,1214,45678,NA,3,6539,FALSE,"Syverson-Blois"
"TEMP2030",NA,15374,"event",1854,1544,45678,NA,3,6539,FALSE,"Syverson-Blois"
"TEMP2031",NA,15378,"bounds",674,314,45683,NA,3,6539,FALSE,"Syverson-Blois"
"TEMP2032",NA,15378,"event",634,374,45683,NA,3,6539,FALSE,"Syverson-Blois"
"TEMP2033",NA,15380,"bounds",9734,2304,45678,NA,3,6539,FALSE,"Syverson-Blois"
"TEMP2034",NA,15380,"event",7424,4604,45678,NA,3,6539,FALSE,"Syverson-Blois"
"TEMP2035",NA,15381,"bounds",614,-75,45683,"younger age limits truncated at publication date (2025 CE)",3,6539,FALSE,"Syverson-Blois"
"TEMP2036",NA,15381,"event",397,74,45683,NA,3,6539,FALSE,"Syverson-Blois"
"TEMP2037",NA,15390,"bounds",21064,-75,45683,"younger age limits truncated at publication date (2025 CE)",3,6539,FALSE,"Syverson-Blois"
"TEMP2038",NA,15390,"event",19984,64,45683,NA,3,6539,FALSE,"Syverson-Blois"
"TEMP2039",NA,15433,"bounds",59800,-75,45683,"younger age limits truncated at publication date (2025 CE)",3,6539,FALSE,"Syverson-Blois"
"TEMP2040",NA,15433,"event",49100,900,45683,NA,3,6539,FALSE,"Syverson-Blois"
"TEMP2041",NA,15465,"bounds",2174,374,45683,NA,3,6539,FALSE,"Syverson-Blois"
"TEMP2042",NA,15465,"event",2004,434,45683,NA,3,6539,FALSE,"Syverson-Blois"
"TEMP2043",NA,15505,"bounds",1314,424,45678,NA,3,6539,FALSE,"Syverson-Blois"
"TEMP2044",NA,15505,"event",1034,704,45678,NA,3,6539,FALSE,"Syverson-Blois"
"TEMP2045",NA,15539,"bounds",604,-75,45678,"younger age limits truncated at publication date (2025 CE)",3,6539,FALSE,"Syverson-Blois"
"TEMP2046",NA,15539,"event",384,124,45678,NA,3,6539,FALSE,"Syverson-Blois"
"TEMP2047",NA,15598,"bounds",714,4,45683,NA,3,6539,FALSE,"Syverson-Blois"
"TEMP2048",NA,15598,"event",504,194,45683,NA,3,6539,FALSE,"Syverson-Blois"
"TEMP2049",NA,15604,"bounds",1024,514,45678,NA,3,6539,FALSE,"Syverson-Blois"
"TEMP2050",NA,15604,"event",854,684,45678,NA,3,6539,FALSE,"Syverson-Blois"
"TEMP2051",NA,15605,"bounds",1264,784,45678,NA,3,6539,FALSE,"Syverson-Blois"
"TEMP2052",NA,15605,"event",1124,934,45678,NA,3,6539,FALSE,"Syverson-Blois"
"TEMP2053",NA,15606,"bounds",2164,784,45678,NA,3,6539,FALSE,"Syverson-Blois"
"TEMP2054",NA,15606,"event",1694,1264,45678,NA,3,6539,FALSE,"Syverson-Blois"
"TEMP2055",NA,15607,"bounds",1794,1124,45678,NA,3,6539,FALSE,"Syverson-Blois"
"TEMP2056",NA,15607,"event",1564,1354,45678,NA,3,6539,FALSE,"Syverson-Blois"
"TEMP2057",NA,15608,"bounds",2444,694,45678,NA,3,6539,FALSE,"Syverson-Blois"
"TEMP2058",NA,15608,"event",1844,1304,45678,NA,3,6539,FALSE,"Syverson-Blois"
"TEMP2059",NA,15609,"bounds",2134,1104,45678,NA,3,6539,FALSE,"Syverson-Blois"
"TEMP2060",NA,15609,"event",1784,1454,45678,NA,3,6539,FALSE,"Syverson-Blois"
"TEMP2061",NA,15610,"bounds",2594,1254,45678,NA,3,6539,FALSE,"Syverson-Blois"
"TEMP2062",NA,15610,"event",2144,1714,45678,NA,3,6539,FALSE,"Syverson-Blois"
"TEMP2063",NA,15611,"bounds",2914,1514,45678,NA,3,6539,FALSE,"Syverson-Blois"
"TEMP2064",NA,15611,"event",2434,1994,45678,NA,3,6539,FALSE,"Syverson-Blois"
"TEMP2065",NA,15612,"bounds",2804,1714,45678,NA,3,6539,FALSE,"Syverson-Blois"
"TEMP2066",NA,15612,"event",2424,2094,45678,NA,3,6539,FALSE,"Syverson-Blois"
"TEMP2067",NA,15613,"bounds",2934,1914,45678,NA,3,6539,FALSE,"Syverson-Blois"
"TEMP2068",NA,15613,"event",2614,2244,45678,NA,3,6539,FALSE,"Syverson-Blois"
"TEMP2069",NA,15614,"bounds",4104,884,45678,NA,3,6539,FALSE,"Syverson-Blois"
"TEMP2070",NA,15614,"event",3004,1984,45678,NA,3,6539,FALSE,"Syverson-Blois"
"TEMP2071",NA,15615,"bounds",4134,2904,45678,NA,3,6539,FALSE,"Syverson-Blois"
"TEMP2072",NA,15615,"event",3714,3324,45678,NA,3,6539,FALSE,"Syverson-Blois"
"TEMP2073",NA,15616,"bounds",4144,3144,45678,NA,3,6539,FALSE,"Syverson-Blois"
"TEMP2074",NA,15616,"event",3804,3484,45678,NA,3,6539,FALSE,"Syverson-Blois"
"TEMP2075",NA,15618,"bounds",5254,3944,45678,NA,3,6539,FALSE,"Syverson-Blois"
"TEMP2076",NA,15618,"event",4814,4394,45678,NA,3,6539,FALSE,"Syverson-Blois"
"TEMP2077",NA,15623,"bounds",1224,444,45678,NA,3,6539,FALSE,"Syverson-Blois"
"TEMP2078",NA,15623,"event",954,704,45678,NA,3,6539,FALSE,"Syverson-Blois"
"TEMP2079",NA,15624,"bounds",7924,6024,45678,NA,3,6539,FALSE,"Syverson-Blois"
"TEMP2080",NA,15624,"event",7284,6654,45678,NA,3,6539,FALSE,"Syverson-Blois"
"TEMP2081",NA,15683,"bounds",24114,20004,45678,NA,3,6539,FALSE,"Syverson-Blois"
"TEMP2082",NA,15683,"event",22744,21374,45678,NA,3,6539,FALSE,"Syverson-Blois"
"TEMP2083",NA,15684,"bounds",14894,10974,45678,NA,3,6539,FALSE,"Syverson-Blois"
"TEMP2084",NA,15684,"event",13534,12324,45678,NA,3,6539,FALSE,"Syverson-Blois"
"TEMP2085",NA,15685,"bounds",15474,12964,45678,NA,3,6539,FALSE,"Syverson-Blois"
"TEMP2086",NA,15685,"event",14644,13794,45678,NA,3,6539,FALSE,"Syverson-Blois"
"TEMP2087",NA,15686,"bounds",18284,11954,45678,NA,3,6539,FALSE,"Syverson-Blois"
"TEMP2088",NA,15686,"event",16154,14064,45678,NA,3,6539,FALSE,"Syverson-Blois"
"TEMP2089",NA,15710,"bounds",8544,6544,45678,NA,3,6539,FALSE,"Syverson-Blois"
"TEMP2090",NA,15710,"event",7854,7234,45678,NA,3,6539,FALSE,"Syverson-Blois"
"TEMP2091",NA,15711,"bounds",4014,2404,45678,NA,3,6539,FALSE,"Syverson-Blois"
"TEMP2092",NA,15711,"event",3464,2954,45678,NA,3,6539,FALSE,"Syverson-Blois"
"TEMP2093",NA,15712,"bounds",3824,2164,45678,NA,3,6539,FALSE,"Syverson-Blois"
"TEMP2094",NA,15712,"event",3254,2744,45678,NA,3,6539,FALSE,"Syverson-Blois"
"TEMP2095",NA,15713,"bounds",934,-36,45678,NA,3,6539,FALSE,"Syverson-Blois"
"TEMP2096",NA,15713,"event",604,304,45678,NA,3,6539,FALSE,"Syverson-Blois"
"TEMP2097",NA,15714,"bounds",14924,9854,45678,NA,3,6539,FALSE,"Syverson-Blois"
"TEMP2098",NA,15714,"event",13194,11564,45678,NA,3,6539,FALSE,"Syverson-Blois"
"TEMP2099",NA,15715,"bounds",13314,8924,45678,NA,3,6539,FALSE,"Syverson-Blois"
"TEMP2100",NA,15715,"event",11834,10404,45678,NA,3,6539,FALSE,"Syverson-Blois"
"TEMP2101",NA,15721,"bounds",604,-75,45678,"younger age limits truncated at publication date (2025 CE)",3,6539,FALSE,"Syverson-Blois"
"TEMP2102",NA,15721,"event",384,124,45678,NA,3,6539,FALSE,"Syverson-Blois"
"TEMP2103",NA,15722,"bounds",13794,11894,45678,NA,3,6539,FALSE,"Syverson-Blois"
"TEMP2104",NA,15722,"event",13134,12564,45678,NA,3,6539,FALSE,"Syverson-Blois"
"TEMP2105",NA,15723,"bounds",17124,11454,45678,NA,3,6539,FALSE,"Syverson-Blois"
"TEMP2106",NA,15723,"event",15244,13344,45678,NA,3,6539,FALSE,"Syverson-Blois"
"TEMP2107",NA,15727,"bounds",2714,1754,45678,NA,3,6539,FALSE,"Syverson-Blois"
"TEMP2108",NA,15727,"event",2374,2094,45678,NA,3,6539,FALSE,"Syverson-Blois"
"TEMP2109",NA,15728,"bounds",6494,4524,45678,NA,3,6539,FALSE,"Syverson-Blois"
"TEMP2110",NA,15728,"event",5814,5194,45678,NA,3,6539,FALSE,"Syverson-Blois"
"TEMP2111",NA,15729,"bounds",3524,2314,45678,NA,3,6539,FALSE,"Syverson-Blois"
"TEMP2112",NA,15729,"event",3104,2734,45678,NA,3,6539,FALSE,"Syverson-Blois"
"TEMP2113",NA,15730,"bounds",24724,19704,45678,NA,3,6539,FALSE,"Syverson-Blois"
"TEMP2114",NA,15730,"event",23014,21404,45678,NA,3,6539,FALSE,"Syverson-Blois"
"TEMP2115",NA,15731,"bounds",21934,17604,45678,NA,3,6539,FALSE,"Syverson-Blois"
"TEMP2116",NA,15731,"event",20434,19084,45678,NA,3,6539,FALSE,"Syverson-Blois"
"TEMP2117",NA,15732,"bounds",18934,15414,45678,NA,3,6539,FALSE,"Syverson-Blois"
"TEMP2118",NA,15732,"event",17744,16604,45678,NA,3,6539,FALSE,"Syverson-Blois"
"TEMP2119",NA,15733,"bounds",2894,1904,45678,NA,3,6539,FALSE,"Syverson-Blois"
"TEMP2120",NA,15733,"event",2574,2224,45678,NA,3,6539,FALSE,"Syverson-Blois"
"TEMP2121",NA,15734,"bounds",2604,1744,45678,NA,3,6539,FALSE,"Syverson-Blois"
"TEMP2122",NA,15734,"event",2314,2034,45678,NA,3,6539,FALSE,"Syverson-Blois"
"TEMP2123",NA,15735,"bounds",2174,1504,45678,NA,3,6539,FALSE,"Syverson-Blois"
"TEMP2124",NA,15735,"event",1954,1734,45678,NA,3,6539,FALSE,"Syverson-Blois"
"TEMP2125",NA,15736,"bounds",14074,8574,45678,NA,3,6539,FALSE,"Syverson-Blois"
"TEMP2126",NA,15736,"event",12274,10394,45678,NA,3,6539,FALSE,"Syverson-Blois"
"TEMP2127",NA,15737,"bounds",8974,7824,45678,NA,3,6539,FALSE,"Syverson-Blois"
"TEMP2128",NA,15737,"event",8574,8214,45678,NA,3,6539,FALSE,"Syverson-Blois"
"TEMP2129",NA,15738,"bounds",12724,10054,45678,NA,3,6539,FALSE,"Syverson-Blois"
"TEMP2130",NA,15738,"event",11824,10954,45678,NA,3,6539,FALSE,"Syverson-Blois"
"TEMP2131",NA,15744,"bounds",634,-75,45678,"younger age limits truncated at publication date (2025 CE)",3,6539,FALSE,"Syverson-Blois"
"TEMP2132",NA,15744,"event",404,114,45678,NA,3,6539,FALSE,"Syverson-Blois"
"TEMP2133",NA,15745,"bounds",4364,1914,45678,NA,3,6539,FALSE,"Syverson-Blois"
"TEMP2134",NA,15745,"event",3514,2764,45678,NA,3,6539,FALSE,"Syverson-Blois"
"TEMP2135",NA,15746,"bounds",13404,11374,45678,NA,3,6539,FALSE,"Syverson-Blois"
"TEMP2136",NA,15746,"event",12724,12064,45678,NA,3,6539,FALSE,"Syverson-Blois"
"TEMP2137",NA,15754,"bounds",17384,12274,45678,NA,3,6539,FALSE,"Syverson-Blois"
"TEMP2138",NA,15754,"event",15684,13964,45678,NA,3,6539,FALSE,"Syverson-Blois"
"TEMP2139",NA,15755,"bounds",10924,9734,45678,NA,3,6539,FALSE,"Syverson-Blois"
"TEMP2140",NA,15755,"event",10514,10154,45678,NA,3,6539,FALSE,"Syverson-Blois"
"TEMP2141",NA,15756,"bounds",4444,3264,45678,NA,3,6539,FALSE,"Syverson-Blois"
"TEMP2142",NA,15756,"event",4044,3664,45678,NA,3,6539,FALSE,"Syverson-Blois"
"TEMP2143",NA,15757,"bounds",9354,8364,45678,NA,3,6539,FALSE,"Syverson-Blois"
"TEMP2144",NA,15757,"event",9014,8684,45678,NA,3,6539,FALSE,"Syverson-Blois"
"TEMP2145",NA,15758,"bounds",4864,3894,45678,NA,3,6539,FALSE,"Syverson-Blois"
"TEMP2146",NA,15758,"event",4524,4234,45678,NA,3,6539,FALSE,"Syverson-Blois"
"TEMP2147",NA,15759,"bounds",28784,21954,45678,NA,3,6539,FALSE,"Syverson-Blois"
"TEMP2148",NA,15759,"event",26514,24234,45678,NA,3,6539,FALSE,"Syverson-Blois"
"TEMP2149",NA,15760,"bounds",4524,3744,45678,NA,3,6539,FALSE,"Syverson-Blois"
"TEMP2150",NA,15760,"event",4254,4004,45678,NA,3,6539,FALSE,"Syverson-Blois"
"TEMP2151",NA,15845,"bounds",444,-75,45678,"younger age limits truncated at publication date (2025 CE)",3,6539,FALSE,"Syverson-Blois"
"TEMP2152",NA,15845,"event",264,54,45678,NA,3,6539,FALSE,"Syverson-Blois"
"TEMP2153",NA,15846,"bounds",944,184,45678,NA,3,6539,FALSE,"Syverson-Blois"
"TEMP2154",NA,15846,"event",674,444,45678,NA,3,6539,FALSE,"Syverson-Blois"
"TEMP2155",NA,15847,"bounds",1194,414,45678,NA,3,6539,FALSE,"Syverson-Blois"
"TEMP2156",NA,15847,"event",934,684,45678,NA,3,6539,FALSE,"Syverson-Blois"
"TEMP2157",NA,15848,"bounds",1774,1134,45678,NA,3,6539,FALSE,"Syverson-Blois"
"TEMP2158",NA,15848,"event",1544,1354,45678,NA,3,6539,FALSE,"Syverson-Blois"
"TEMP2159",NA,15849,"bounds",2814,1494,45678,NA,3,6539,FALSE,"Syverson-Blois"
"TEMP2160",NA,15849,"event",2354,1954,45678,NA,3,6539,FALSE,"Syverson-Blois"
"TEMP2161",NA,15850,"bounds",3154,1824,45678,NA,3,6539,FALSE,"Syverson-Blois"
"TEMP2162",NA,15850,"event",2704,2274,45678,NA,3,6539,FALSE,"Syverson-Blois"
"TEMP2163",NA,15851,"bounds",3984,2864,45678,NA,3,6539,FALSE,"Syverson-Blois"
"TEMP2164",NA,15851,"event",3604,3244,45678,NA,3,6539,FALSE,"Syverson-Blois"
"TEMP2165",NA,15852,"bounds",4854,3634,45678,NA,3,6539,FALSE,"Syverson-Blois"
"TEMP2166",NA,15852,"event",4434,4064,45678,NA,3,6539,FALSE,"Syverson-Blois"
"TEMP2167",NA,15853,"bounds",5134,3674,45678,NA,3,6539,FALSE,"Syverson-Blois"
"TEMP2168",NA,15853,"event",4644,4164,45678,NA,3,6539,FALSE,"Syverson-Blois"
"TEMP2169",NA,15854,"bounds",9154,6194,45678,NA,3,6539,FALSE,"Syverson-Blois"
"TEMP2170",NA,15854,"event",8144,7214,45678,NA,3,6539,FALSE,"Syverson-Blois"
"TEMP2171",NA,15855,"bounds",9384,7394,45678,NA,3,6539,FALSE,"Syverson-Blois"
"TEMP2172",NA,15855,"event",8704,8054,45678,NA,3,6539,FALSE,"Syverson-Blois"
"TEMP2173",NA,15856,"bounds",12864,10304,45678,NA,3,6539,FALSE,"Syverson-Blois"
"TEMP2174",NA,15856,"event",11984,11184,45678,NA,3,6539,FALSE,"Syverson-Blois"
"TEMP2175",NA,16114,"bounds",3164,1804,45678,NA,3,6539,FALSE,"Syverson-Blois"
"TEMP2176",NA,16114,"event",2704,2254,45678,NA,3,6539,FALSE,"Syverson-Blois"
"TEMP2177",NA,16115,"bounds",13614,12094,45678,NA,3,6539,FALSE,"Syverson-Blois"
"TEMP2178",NA,16115,"event",13084,12614,45678,NA,3,6539,FALSE,"Syverson-Blois"
"TEMP2179",NA,16116,"bounds",15364,10554,45678,NA,3,6539,FALSE,"Syverson-Blois"
"TEMP2180",NA,16116,"event",13674,12234,45678,NA,3,6539,FALSE,"Syverson-Blois"
"TEMP2181",NA,16117,"bounds",2774,1764,45678,NA,3,6539,FALSE,"Syverson-Blois"
"TEMP2182",NA,16117,"event",2424,2114,45678,NA,3,6539,FALSE,"Syverson-Blois"
"TEMP2183",NA,16255,"bounds",5604,3344,45678,NA,3,6539,FALSE,"Syverson-Blois"
"TEMP2184",NA,16255,"event",4824,4114,45678,NA,3,6539,FALSE,"Syverson-Blois"
"TEMP2185",NA,16264,"bounds",12734,1154,45683,NA,3,6539,FALSE,"Syverson-Blois"
"TEMP2186",NA,16264,"event",12034,1684,45683,NA,3,6539,FALSE,"Syverson-Blois"
"TEMP2187",NA,16266,"bounds",9234,7964,45678,NA,3,6539,FALSE,"Syverson-Blois"
"TEMP2188",NA,16266,"event",8814,8394,45678,NA,3,6539,FALSE,"Syverson-Blois"
"TEMP2189",NA,16267,"bounds",14274,9674,45683,NA,3,6539,FALSE,"Syverson-Blois"
"TEMP2190",NA,16267,"event",13574,10994,45683,NA,3,6539,FALSE,"Syverson-Blois"
"TEMP2191",NA,16270,"bounds",18827,3427,45683,NA,3,6539,FALSE,"Syverson-Blois"
"TEMP2192",NA,16270,"event",17387,3712,45683,NA,3,6539,FALSE,"Syverson-Blois"
"TEMP2193",NA,16271,"bounds",20494,1304,45683,NA,3,6539,FALSE,"Syverson-Blois"
"TEMP2194",NA,16271,"event",20094,1494,45683,NA,3,6539,FALSE,"Syverson-Blois"
"TEMP2195",NA,16272,"bounds",4922,1954,45678,NA,3,6539,FALSE,"Syverson-Blois"
"TEMP2196",NA,16272,"event",4007,2894,45678,NA,3,6539,FALSE,"Syverson-Blois"
"TEMP2197",NA,16276,"bounds",3504,-75,45678,"younger age limits truncated at publication date (2025 CE)",3,6539,FALSE,"Syverson-Blois"
"TEMP2198",NA,16276,"event",2264,834,45678,NA,3,6539,FALSE,"Syverson-Blois"
"TEMP2199",NA,16279,"bounds",41524,23504,45678,NA,3,6539,FALSE,"Syverson-Blois"
"TEMP2200",NA,16279,"event",36024,29014,45678,NA,3,6539,FALSE,"Syverson-Blois"
"TEMP2201",NA,16281,"bounds",27964,24704,45678,NA,3,6539,FALSE,"Syverson-Blois"
"TEMP2202",NA,16281,"event",26874,25824,45678,NA,3,6539,FALSE,"Syverson-Blois"
"TEMP2203",NA,16287,"bounds",24344,6644,45678,NA,3,6539,FALSE,"Syverson-Blois"
"TEMP2204",NA,16287,"event",18814,12214,45678,NA,3,6539,FALSE,"Syverson-Blois"
"TEMP2205",NA,16289,"bounds",29074,21724,45678,NA,3,6539,FALSE,"Syverson-Blois"
"TEMP2206",NA,16289,"event",26724,24124,45678,NA,3,6539,FALSE,"Syverson-Blois"
"TEMP2207",NA,16291,"bounds",16044,13584,45678,NA,3,6539,FALSE,"Syverson-Blois"
"TEMP2208",NA,16291,"event",15224,14394,45678,NA,3,6539,FALSE,"Syverson-Blois"
"TEMP2209",NA,16293,"bounds",7054,-75,45683,"younger age limits truncated at publication date (2025 CE)",3,6539,FALSE,"Syverson-Blois"
"TEMP2210",NA,16293,"event",6434,124,45683,NA,3,6539,FALSE,"Syverson-Blois"
"TEMP2211",NA,16297,"bounds",6734,454,45683,NA,3,6539,FALSE,"Syverson-Blois"
"TEMP2212",NA,16297,"event",6324,554,45683,NA,3,6539,FALSE,"Syverson-Blois"
"TEMP2213",NA,16305,"bounds",1664,1204,45678,NA,3,6539,FALSE,"Syverson-Blois"
"TEMP2214",NA,16305,"event",1524,1334,45678,NA,3,6539,FALSE,"Syverson-Blois"
"TEMP2215",NA,16316,"bounds",38464,4854,45678,NA,3,6539,FALSE,"Syverson-Blois"
"TEMP2216",NA,16316,"event",28064,15384,45678,NA,3,6539,FALSE,"Syverson-Blois"
"TEMP2217",NA,16317,"bounds",1614,184,45683,NA,3,6539,FALSE,"Syverson-Blois"
"TEMP2218",NA,16317,"event",1454,524,45683,NA,3,6539,FALSE,"Syverson-Blois"
"TEMP2219",NA,16323,"bounds",11400,100,45683,NA,3,6539,FALSE,"Syverson-Blois"
"TEMP2220",NA,16323,"event",8100,500,45683,NA,3,6539,FALSE,"Syverson-Blois"
"TEMP2221",NA,16371,"bounds",804,-75,45683,"younger age limits truncated at publication date (2025 CE)",3,6539,FALSE,"Syverson-Blois"
"TEMP2222",NA,16371,"event",534,134,45683,NA,3,6539,FALSE,"Syverson-Blois"
"TEMP2223",NA,16560,"bounds",2404,2034,45678,NA,3,6539,FALSE,"Syverson-Blois"
"TEMP2224",NA,16560,"event",2284,2164,45678,NA,3,6539,FALSE,"Syverson-Blois"
"TEMP2225",NA,17704,"bounds",344,-75,45683,"younger age limits truncated at publication date (2025 CE)",3,6539,FALSE,"Syverson-Blois"
"TEMP2226",NA,17704,"event",234,54,45683,NA,3,6539,FALSE,"Syverson-Blois"
"TEMP2227",NA,17848,"bounds",1084,614,45678,NA,3,6539,FALSE,"Syverson-Blois"
"TEMP2228",NA,17848,"event",924,744,45678,NA,3,6539,FALSE,"Syverson-Blois"
"TEMP2229",NA,17974,"bounds",3324,1804,45678,NA,3,6539,FALSE,"Syverson-Blois"
"TEMP2230",NA,17974,"event",2804,2324,45678,NA,3,6539,FALSE,"Syverson-Blois"
"TEMP2231",NA,18021,"bounds",11700,250,45683,NA,3,6539,FALSE,"Syverson-Blois"
"TEMP2232",NA,18021,"event",11700,250,45683,NA,3,6539,FALSE,"Syverson-Blois"
"TEMP2233",NA,18027,"bounds",834,-75,45678,"younger age limits truncated at publication date (2025 CE)",3,6539,FALSE,"Syverson-Blois"
"TEMP2234",NA,18027,"event",524,184,45678,NA,3,6539,FALSE,"Syverson-Blois"
"TEMP2235",NA,18051,"bounds",23654,20724,45678,NA,3,6539,FALSE,"Syverson-Blois"
"TEMP2236",NA,18051,"event",22674,21704,45678,NA,3,6539,FALSE,"Syverson-Blois"
"TEMP2237",NA,18052,"bounds",28914,27414,45678,NA,3,6539,FALSE,"Syverson-Blois"
"TEMP2238",NA,18052,"event",28424,27904,45678,NA,3,6539,FALSE,"Syverson-Blois"
"TEMP2239",NA,18064,"bounds",13644,12537,45683,NA,3,6539,FALSE,"Syverson-Blois"
"TEMP2240",NA,18064,"event",13274,12862,45683,NA,3,6539,FALSE,"Syverson-Blois"
"TEMP2241",NA,18073,"bounds",8084,7424,45678,NA,3,6539,FALSE,"Syverson-Blois"
"TEMP2242",NA,18073,"event",7884,7604,45678,NA,3,6539,FALSE,"Syverson-Blois"
"TEMP2243",NA,18076,"bounds",19944,10744,45678,NA,3,6539,FALSE,"Syverson-Blois"
"TEMP2244",NA,18076,"event",16854,13524,45678,NA,3,6539,FALSE,"Syverson-Blois"
"TEMP2245",NA,18082,"bounds",8524,214,45683,NA,3,6539,FALSE,"Syverson-Blois"
"TEMP2246",NA,18082,"event",5974,1004,45683,NA,3,6539,FALSE,"Syverson-Blois"
"TEMP2247",NA,18103,"bounds",1994,-75,45678,"younger age limits truncated at publication date (2025 CE)",3,6539,FALSE,"Syverson-Blois"
"TEMP2248",NA,18103,"event",1214,384,45678,NA,3,6539,FALSE,"Syverson-Blois"
"TEMP2249",NA,18104,"bounds",2254,-75,45683,"younger age limits truncated at publication date (2025 CE)",3,6539,FALSE,"Syverson-Blois"
"TEMP2250",NA,18104,"event",2074,214,45683,NA,3,6539,FALSE,"Syverson-Blois"
"TEMP2251",NA,18110,"bounds",30500,15200,45678,NA,3,6539,FALSE,"Syverson-Blois"
"TEMP2252",NA,18110,"event",25900,20000,45678,NA,3,6539,FALSE,"Syverson-Blois"
"TEMP2253",NA,18113,"bounds",3074,1564,45683,NA,3,6539,FALSE,"Syverson-Blois"
"TEMP2254",NA,18113,"event",2734,1924,45683,NA,3,6539,FALSE,"Syverson-Blois"
"TEMP2255",NA,18124,"bounds",814,164,45678,NA,3,6539,FALSE,"Syverson-Blois"
"TEMP2256",NA,18124,"event",594,384,45678,NA,3,6539,FALSE,"Syverson-Blois"
"TEMP2257",NA,18128,"bounds",704,-36,45678,NA,3,6539,FALSE,"Syverson-Blois"
"TEMP2258",NA,18128,"event",464,214,45678,NA,3,6539,FALSE,"Syverson-Blois"
"TEMP2259",NA,18133,"bounds",1404,664,45678,NA,3,6539,FALSE,"Syverson-Blois"
"TEMP2260",NA,18133,"event",1154,914,45678,NA,3,6539,FALSE,"Syverson-Blois"
"TEMP2261",NA,18134,"bounds",1354,494,45678,NA,3,6539,FALSE,"Syverson-Blois"
"TEMP2262",NA,18134,"event",1064,784,45678,NA,3,6539,FALSE,"Syverson-Blois"
"TEMP2263",NA,18136,"bounds",3364,2944,45678,NA,3,6539,FALSE,"Syverson-Blois"
"TEMP2264",NA,18136,"event",3254,3054,45678,NA,3,6539,FALSE,"Syverson-Blois"
"TEMP2265",NA,18137,"bounds",1594,794,45678,NA,3,6539,FALSE,"Syverson-Blois"
"TEMP2266",NA,18137,"event",1324,1064,45678,NA,3,6539,FALSE,"Syverson-Blois"
"TEMP2267",NA,18160,"bounds",12700,6000,45683,NA,3,6539,FALSE,"Syverson-Blois"
"TEMP2268",NA,18160,"event",12500,6000,45683,NA,3,6539,FALSE,"Syverson-Blois"
"TEMP2269",NA,18162,"bounds",14024,2164,45683,NA,3,6539,FALSE,"Syverson-Blois"
"TEMP2270",NA,18162,"event",13294,2774,45683,NA,3,6539,FALSE,"Syverson-Blois"
"TEMP2271",NA,18166,"bounds",1824,684,45683,NA,3,6539,FALSE,"Syverson-Blois"
"TEMP2272",NA,18166,"event",1584,944,45683,NA,3,6539,FALSE,"Syverson-Blois"
"TEMP2273",NA,18213,"bounds",11374,864,45683,NA,3,6539,FALSE,"Syverson-Blois"
"TEMP2274",NA,18213,"event",10894,1434,45683,NA,3,6539,FALSE,"Syverson-Blois"
"TEMP2275",NA,18217,"bounds",964,-16,45678,NA,3,6539,FALSE,"Syverson-Blois"
"TEMP2276",NA,18217,"event",624,324,45678,NA,3,6539,FALSE,"Syverson-Blois"
"TEMP2277",NA,18219,"bounds",4454,3394,45678,NA,3,6539,FALSE,"Syverson-Blois"
"TEMP2278",NA,18219,"event",4084,3764,45678,NA,3,6539,FALSE,"Syverson-Blois"
"TEMP2279",NA,18220,"bounds",3444,1604,45678,NA,3,6539,FALSE,"Syverson-Blois"
"TEMP2280",NA,18220,"event",2814,2224,45678,NA,3,6539,FALSE,"Syverson-Blois"
"TEMP2281",NA,18221,"bounds",2194,1344,45683,NA,3,6539,FALSE,"Syverson-Blois"
"TEMP2282",NA,18221,"event",1894,1634,45683,NA,3,6539,FALSE,"Syverson-Blois"
"TEMP2283",NA,18222,"bounds",624,-75,45678,"younger age limits truncated at publication date (2025 CE)",3,6539,FALSE,"Syverson-Blois"
"TEMP2284",NA,18222,"event",384,94,45678,NA,3,6539,FALSE,"Syverson-Blois"
"TEMP2285",NA,18225,"bounds",784,524,45678,NA,3,6539,FALSE,"Syverson-Blois"
"TEMP2286",NA,18225,"event",704,594,45678,NA,3,6539,FALSE,"Syverson-Blois"
"TEMP2287",NA,18275,"bounds",2844,-75,45683,"younger age limits truncated at publication date (2025 CE)",3,6539,FALSE,"Syverson-Blois"
"TEMP2288",NA,18275,"event",2604,84,45683,NA,3,6539,FALSE,"Syverson-Blois"
"TEMP2289",NA,18300,"bounds",3604,50,45683,NA,3,6539,FALSE,"Syverson-Blois"
"TEMP2290",NA,18300,"event",3384,50,45683,NA,3,6539,FALSE,"Syverson-Blois"
"TEMP2291",NA,18306,"bounds",13054,10854,45678,NA,3,6539,FALSE,"Syverson-Blois"
"TEMP2292",NA,18306,"event",12354,11564,45678,NA,3,6539,FALSE,"Syverson-Blois"
"TEMP2293",NA,18307,"bounds",1504,504,45678,NA,3,6539,FALSE,"Syverson-Blois"
"TEMP2294",NA,18307,"event",1174,834,45678,NA,3,6539,FALSE,"Syverson-Blois"
"TEMP2295",NA,18320,"bounds",11134,0,45683,NA,3,6539,FALSE,"Syverson-Blois"
"TEMP2296",NA,18320,"event",9914,0,45683,NA,3,6539,FALSE,"Syverson-Blois"
"TEMP2297",NA,18340,"bounds",934,-26,45678,NA,3,6539,FALSE,"Syverson-Blois"
"TEMP2298",NA,18340,"event",604,304,45678,NA,3,6539,FALSE,"Syverson-Blois"
"TEMP2299",NA,18342,"bounds",2254,424,45678,NA,3,6539,FALSE,"Syverson-Blois"
"TEMP2300",NA,18342,"event",1624,1044,45678,NA,3,6539,FALSE,"Syverson-Blois"
"TEMP2301",NA,18344,"bounds",894,654,45678,NA,3,6539,FALSE,"Syverson-Blois"
"TEMP2302",NA,18344,"event",814,724,45678,NA,3,6539,FALSE,"Syverson-Blois"
"TEMP2303",NA,18356,"bounds",9474,6764,45678,NA,3,6539,FALSE,"Syverson-Blois"
"TEMP2304",NA,18356,"event",8544,7704,45678,NA,3,6539,FALSE,"Syverson-Blois"
"TEMP2305",NA,18379,"bounds",28104,26474,45678,NA,3,6539,FALSE,"Syverson-Blois"
"TEMP2306",NA,18379,"event",27554,27054,45678,NA,3,6539,FALSE,"Syverson-Blois"
"TEMP2307",NA,18380,"bounds",33844,30604,45678,NA,3,6539,FALSE,"Syverson-Blois"
"TEMP2308",NA,18380,"event",32774,31664,45678,NA,3,6539,FALSE,"Syverson-Blois"
"TEMP2309",NA,18383,"bounds",4714,1374,45683,NA,3,6539,FALSE,"Syverson-Blois"
"TEMP2310",NA,18383,"event",4154,2214,45683,NA,3,6539,FALSE,"Syverson-Blois"
"TEMP2311",NA,18384,"bounds",614,4,45678,NA,3,6539,FALSE,"Syverson-Blois"
"TEMP2312",NA,18384,"event",414,204,45678,NA,3,6539,FALSE,"Syverson-Blois"
"TEMP2313",NA,18391,"bounds",9664,8964,45678,NA,3,6539,FALSE,"Syverson-Blois"
"TEMP2314",NA,18391,"event",9434,9194,45678,NA,3,6539,FALSE,"Syverson-Blois"
"TEMP2315",NA,18414,"bounds",2144,14,45683,NA,3,6539,FALSE,"Syverson-Blois"
"TEMP2316",NA,18414,"event",1714,274,45683,NA,3,6539,FALSE,"Syverson-Blois"
"TEMP2317",NA,18422,"bounds",12524,8654,45683,NA,3,6539,FALSE,"Syverson-Blois"
"TEMP2318",NA,18422,"event",11464,9314,45683,NA,3,6539,FALSE,"Syverson-Blois"
"TEMP2319",NA,18428,"bounds",5427,0,45683,NA,3,6539,FALSE,"Syverson-Blois"
"TEMP2320",NA,18428,"event",4527,0,45683,NA,3,6539,FALSE,"Syverson-Blois"
"TEMP2321",NA,18429,"bounds",684,474,45678,NA,3,6539,FALSE,"Syverson-Blois"
"TEMP2322",NA,18429,"event",614,534,45678,NA,3,6539,FALSE,"Syverson-Blois"
"TEMP2323",NA,18437,"bounds",1624,594,45678,NA,3,6539,FALSE,"Syverson-Blois"
"TEMP2324",NA,18437,"event",1274,944,45678,NA,3,6539,FALSE,"Syverson-Blois"
"TEMP2325",NA,18438,"bounds",5024,1214,45683,NA,3,6539,FALSE,"Syverson-Blois"
"TEMP2326",NA,18438,"event",3964,1684,45683,NA,3,6539,FALSE,"Syverson-Blois"
"TEMP2327",NA,18439,"bounds",1724,294,45683,NA,3,6539,FALSE,"Syverson-Blois"
"TEMP2328",NA,18439,"event",1534,644,45683,NA,3,6539,FALSE,"Syverson-Blois"
"TEMP2329",NA,18441,"bounds",1134,774,45683,NA,3,6539,FALSE,"Syverson-Blois"
"TEMP2330",NA,18441,"event",1064,874,45683,NA,3,6539,FALSE,"Syverson-Blois"
"TEMP2331",NA,18443,"bounds",1914,84,45678,NA,3,6539,FALSE,"Syverson-Blois"
"TEMP2332",NA,18443,"event",1284,714,45678,NA,3,6539,FALSE,"Syverson-Blois"
"TEMP2333",NA,18448,"bounds",1450,-75,45683,"younger age limits truncated at publication date (2025 CE)",3,6539,FALSE,"Syverson-Blois"
"TEMP2334",NA,18448,"event",1450,354,45683,NA,3,6539,FALSE,"Syverson-Blois"
"TEMP2335",NA,18521,"bounds",7574,1334,45678,NA,3,6539,FALSE,"Syverson-Blois"
"TEMP2336",NA,18521,"event",5664,3234,45678,NA,3,6539,FALSE,"Syverson-Blois"
"TEMP2337",NA,18533,"bounds",2834,164,45683,NA,3,6539,FALSE,"Syverson-Blois"
"TEMP2338",NA,18533,"event",2294,464,45683,NA,3,6539,FALSE,"Syverson-Blois"
"TEMP2339",NA,18545,"bounds",35000,25300,45678,NA,3,6539,FALSE,"Syverson-Blois"
"TEMP2340",NA,18545,"event",31900,28200,45678,NA,3,6539,FALSE,"Syverson-Blois"
"TEMP2341",NA,18548,"bounds",2094,844,45683,NA,3,6539,FALSE,"Syverson-Blois"
"TEMP2342",NA,18548,"event",1714,1234,45683,NA,3,6539,FALSE,"Syverson-Blois"
"TEMP2343",NA,18551,"bounds",734,-36,45678,NA,3,6539,FALSE,"Syverson-Blois"
"TEMP2344",NA,18551,"event",474,224,45678,NA,3,6539,FALSE,"Syverson-Blois"
"TEMP2345",NA,18557,"bounds",6604,5794,45678,NA,3,6539,FALSE,"Syverson-Blois"
"TEMP2346",NA,18557,"event",6344,6074,45678,NA,3,6539,FALSE,"Syverson-Blois"
"TEMP2347",NA,18559,"bounds",3084,2294,45678,NA,3,6539,FALSE,"Syverson-Blois"
"TEMP2348",NA,18559,"event",2824,2554,45678,NA,3,6539,FALSE,"Syverson-Blois"
"TEMP2349",NA,18562,"bounds",1324,-75,45683,"younger age limits truncated at publication date (2025 CE)",3,6539,FALSE,"Syverson-Blois"
"TEMP2350",NA,18562,"event",1074,64,45683,NA,3,6539,FALSE,"Syverson-Blois"
"TEMP2351",NA,18563,"bounds",3374,2264,45678,NA,3,6539,FALSE,"Syverson-Blois"
"TEMP2352",NA,18563,"event",2984,2654,45678,NA,3,6539,FALSE,"Syverson-Blois"
"TEMP2353",NA,18565,"bounds",10584,8094,45678,NA,3,6539,FALSE,"Syverson-Blois"
"TEMP2354",NA,18565,"event",9724,8944,45678,NA,3,6539,FALSE,"Syverson-Blois"
"TEMP2355",NA,18566,"bounds",11944,9484,45678,NA,3,6539,FALSE,"Syverson-Blois"
"TEMP2356",NA,18566,"event",11094,10324,45678,NA,3,6539,FALSE,"Syverson-Blois"
"TEMP2357",NA,18567,"bounds",904,254,45678,NA,3,6539,FALSE,"Syverson-Blois"
"TEMP2358",NA,18567,"event",674,484,45678,NA,3,6539,FALSE,"Syverson-Blois"
"TEMP2359",NA,18569,"bounds",1784,634,45683,NA,3,6539,FALSE,"Syverson-Blois"
"TEMP2360",NA,18569,"event",1694,924,45683,NA,3,6539,FALSE,"Syverson-Blois"
"TEMP2361",NA,18581,"bounds",9444,8304,45678,NA,3,6539,FALSE,"Syverson-Blois"
"TEMP2362",NA,18581,"event",9044,8684,45678,NA,3,6539,FALSE,"Syverson-Blois"
"TEMP2363",NA,18584,"bounds",1374,344,45683,NA,3,6539,FALSE,"Syverson-Blois"
"TEMP2364",NA,18584,"event",1074,524,45683,NA,3,6539,FALSE,"Syverson-Blois"
"TEMP2365",NA,18585,"bounds",884,354,45678,NA,3,6539,FALSE,"Syverson-Blois"
"TEMP2366",NA,18585,"event",694,534,45678,NA,3,6539,FALSE,"Syverson-Blois"
"TEMP2367",NA,18753,"bounds",4124,-75,45678,"younger age limits truncated at publication date (2025 CE)",3,6539,FALSE,"Syverson-Blois"
"TEMP2368",NA,18753,"event",2834,1194,45678,NA,3,6539,FALSE,"Syverson-Blois"
"TEMP2369",NA,18757,"bounds",11800,800,45678,NA,3,6539,FALSE,"Syverson-Blois"
"TEMP2370",NA,18757,"event",8300,4200,45678,NA,3,6539,FALSE,"Syverson-Blois"
"TEMP2371",NA,18761,"bounds",10194,9004,45678,NA,3,6539,FALSE,"Syverson-Blois"
"TEMP2372",NA,18761,"event",9814,9374,45678,NA,3,6539,FALSE,"Syverson-Blois"
"TEMP2373",NA,18762,"bounds",1734,354,45683,NA,3,6539,FALSE,"Syverson-Blois"
"TEMP2374",NA,18762,"event",1484,504,45683,NA,3,6539,FALSE,"Syverson-Blois"
"TEMP2375",NA,18770,"bounds",804,214,45678,NA,3,6539,FALSE,"Syverson-Blois"
"TEMP2376",NA,18770,"event",604,414,45678,NA,3,6539,FALSE,"Syverson-Blois"
"TEMP2377",NA,18775,"bounds",1254,234,45678,NA,3,6539,FALSE,"Syverson-Blois"
"TEMP2378",NA,18775,"event",934,554,45678,NA,3,6539,FALSE,"Syverson-Blois"
"TEMP2379",NA,18786,"bounds",59900,35000,45678,NA,3,6539,FALSE,"Syverson-Blois"
"TEMP2380",NA,18786,"event",51800,43000,45678,NA,3,6539,FALSE,"Syverson-Blois"
"TEMP2381",NA,18789,"bounds",13314,12834,45678,NA,3,6539,FALSE,"Syverson-Blois"
"TEMP2382",NA,18789,"event",13164,13004,45678,NA,3,6539,FALSE,"Syverson-Blois"
"TEMP2383",NA,18792,"bounds",5564,174,45683,NA,3,6539,FALSE,"Syverson-Blois"
"TEMP2384",NA,18792,"event",5034,454,45683,NA,3,6539,FALSE,"Syverson-Blois"
"TEMP2385",NA,18793,"bounds",6764,6294,45678,NA,3,6539,FALSE,"Syverson-Blois"
"TEMP2386",NA,18793,"event",6624,6444,45678,NA,3,6539,FALSE,"Syverson-Blois"
"TEMP2387",NA,18799,"bounds",1324,654,45678,NA,3,6539,FALSE,"Syverson-Blois"
"TEMP2388",NA,18799,"event",1124,864,45678,NA,3,6539,FALSE,"Syverson-Blois"
"TEMP2389",NA,18800,"bounds",1634,744,45678,NA,3,6539,FALSE,"Syverson-Blois"
"TEMP2390",NA,18800,"event",1324,1054,45678,NA,3,6539,FALSE,"Syverson-Blois"
"TEMP2391",NA,18801,"bounds",984,114,45683,NA,3,6539,FALSE,"Syverson-Blois"
"TEMP2392",NA,18801,"event",694,314,45683,NA,3,6539,FALSE,"Syverson-Blois"
"TEMP2393",NA,18803,"bounds",2864,354,45683,NA,3,6539,FALSE,"Syverson-Blois"
"TEMP2394",NA,18803,"event",2234,654,45683,NA,3,6539,FALSE,"Syverson-Blois"
"TEMP2395",NA,18812,"bounds",2134,934,45678,NA,3,6539,FALSE,"Syverson-Blois"
"TEMP2396",NA,18812,"event",1734,1354,45678,NA,3,6539,FALSE,"Syverson-Blois"
"TEMP2397",NA,18813,"bounds",46400,-75,45683,"younger age limits truncated at publication date (2025 CE)",3,6539,FALSE,"Syverson-Blois"
"TEMP2398",NA,18813,"event",39900,1992,45683,NA,3,6539,FALSE,"Syverson-Blois"
"TEMP2399",NA,18854,"bounds",1044,-75,45678,"younger age limits truncated at publication date (2025 CE)",3,6539,FALSE,"Syverson-Blois"
"TEMP2400",NA,18854,"event",614,124,45678,NA,3,6539,FALSE,"Syverson-Blois"
"TEMP2401",NA,18902,"bounds",1294,64,45678,NA,3,6539,FALSE,"Syverson-Blois"
"TEMP2402",NA,18902,"event",874,494,45678,NA,3,6539,FALSE,"Syverson-Blois"
"TEMP2403",NA,18903,"bounds",1714,384,45678,NA,3,6539,FALSE,"Syverson-Blois"
"TEMP2404",NA,18903,"event",1294,784,45678,NA,3,6539,FALSE,"Syverson-Blois"
"TEMP2405",NA,18918,"bounds",2564,1354,45678,NA,3,6539,FALSE,"Syverson-Blois"
"TEMP2406",NA,18918,"event",2144,1764,45678,NA,3,6539,FALSE,"Syverson-Blois"
"TEMP2407",NA,18970,"bounds",4464,3864,45678,NA,3,6539,FALSE,"Syverson-Blois"
"TEMP2408",NA,18970,"event",4244,4024,45678,NA,3,6539,FALSE,"Syverson-Blois"
"TEMP2409",NA,19119,"bounds",13054,364,45683,NA,3,6539,FALSE,"Syverson-Blois"
"TEMP2410",NA,19119,"event",12624,484,45683,NA,3,6539,FALSE,"Syverson-Blois"
"TEMP2411",NA,19229,"bounds",3734,404,45683,NA,3,6539,FALSE,"Syverson-Blois"
"TEMP2412",NA,19229,"event",2724,1184,45683,NA,3,6539,FALSE,"Syverson-Blois"
"TEMP2413",NA,19281,"bounds",11700,-75,45678,"younger age limits truncated at publication date (2025 CE)",3,6539,FALSE,"Syverson-Blois"
"TEMP2414",NA,19281,"event",11700,0,45678,NA,3,6539,FALSE,"Syverson-Blois"
"TEMP2415",NA,19341,"bounds",1384,544,45678,NA,3,6539,FALSE,"Syverson-Blois"
"TEMP2416",NA,19341,"event",1104,824,45678,NA,3,6539,FALSE,"Syverson-Blois"
"TEMP2417",NA,19402,"bounds",3604,1044,45678,NA,3,6539,FALSE,"Syverson-Blois"
"TEMP2418",NA,19402,"event",2814,1834,45678,NA,3,6539,FALSE,"Syverson-Blois"
"TEMP2419",NA,19403,"bounds",1714,474,45678,NA,3,6539,FALSE,"Syverson-Blois"
"TEMP2420",NA,19403,"event",1284,884,45678,NA,3,6539,FALSE,"Syverson-Blois"
"TEMP2421",NA,19404,"bounds",784,504,45678,NA,3,6539,FALSE,"Syverson-Blois"
"TEMP2422",NA,19404,"event",694,574,45678,NA,3,6539,FALSE,"Syverson-Blois"
"TEMP2423",NA,19406,"bounds",874,-36,45678,NA,3,6539,FALSE,"Syverson-Blois"
"TEMP2424",NA,19406,"event",564,284,45678,NA,3,6539,FALSE,"Syverson-Blois"
"TEMP2425",NA,19407,"bounds",804,-16,45678,NA,3,6539,FALSE,"Syverson-Blois"
"TEMP2426",NA,19407,"event",524,284,45678,NA,3,6539,FALSE,"Syverson-Blois"
"TEMP2427",NA,19408,"bounds",7294,6454,45678,NA,3,6539,FALSE,"Syverson-Blois"
"TEMP2428",NA,19408,"event",7004,6744,45678,NA,3,6539,FALSE,"Syverson-Blois"
"TEMP2429",NA,19415,"bounds",1054,624,45678,NA,3,6539,FALSE,"Syverson-Blois"
"TEMP2430",NA,19415,"event",894,744,45678,NA,3,6539,FALSE,"Syverson-Blois"
"TEMP2431",NA,19417,"bounds",2294,1114,45678,NA,3,6539,FALSE,"Syverson-Blois"
"TEMP2432",NA,19417,"event",1894,1514,45678,NA,3,6539,FALSE,"Syverson-Blois"
"TEMP2433",NA,19418,"bounds",764,454,45678,NA,3,6539,FALSE,"Syverson-Blois"
"TEMP2434",NA,19418,"event",664,554,45678,NA,3,6539,FALSE,"Syverson-Blois"
"TEMP2435",NA,19438,"bounds",1664,744,45678,NA,3,6539,FALSE,"Syverson-Blois"
"TEMP2436",NA,19438,"event",1344,1064,45678,NA,3,6539,FALSE,"Syverson-Blois"
"TEMP2437",NA,19439,"bounds",10174,6264,45678,NA,3,6539,FALSE,"Syverson-Blois"
"TEMP2438",NA,19439,"event",8824,7614,45678,NA,3,6539,FALSE,"Syverson-Blois"
"TEMP2439",NA,19445,"bounds",2254,984,45678,NA,3,6539,FALSE,"Syverson-Blois"
"TEMP2440",NA,19445,"event",1834,1364,45678,NA,3,6539,FALSE,"Syverson-Blois"
"TEMP2441",NA,19447,"bounds",13924,9324,45678,NA,3,6539,FALSE,"Syverson-Blois"
"TEMP2442",NA,19447,"event",12454,10804,45678,NA,3,6539,FALSE,"Syverson-Blois"
"TEMP2443",NA,19448,"bounds",12834,-75,45683,"younger age limits truncated at publication date (2025 CE)",3,6539,FALSE,"Syverson-Blois"
"TEMP2444",NA,19448,"event",10204,434,45683,NA,3,6539,FALSE,"Syverson-Blois"
"TEMP2445",NA,19456,"bounds",874,-75,45683,"younger age limits truncated at publication date (2025 CE)",3,6539,FALSE,"Syverson-Blois"
"TEMP2446",NA,19456,"event",534,164,45683,NA,3,6539,FALSE,"Syverson-Blois"
"TEMP2447",NA,19460,"bounds",554,114,45678,NA,3,6539,FALSE,"Syverson-Blois"
"TEMP2448",NA,19460,"event",434,264,45678,NA,3,6539,FALSE,"Syverson-Blois"
"TEMP2449",NA,19470,"bounds",1444,414,45678,NA,3,6539,FALSE,"Syverson-Blois"
"TEMP2450",NA,19470,"event",1094,754,45678,NA,3,6539,FALSE,"Syverson-Blois"
"TEMP2451",NA,19559,"bounds",3664,324,45683,NA,3,6539,FALSE,"Syverson-Blois"
"TEMP2452",NA,19559,"event",3174,564,45683,NA,3,6539,FALSE,"Syverson-Blois"
"TEMP2453",NA,20624,"bounds",4624,2944,45678,NA,3,6539,FALSE,"Syverson-Blois"
"TEMP2454",NA,20624,"event",4044,3514,45678,NA,3,6539,FALSE,"Syverson-Blois"
"TEMP2455",NA,20626,"bounds",2724,2044,45678,NA,3,6539,FALSE,"Syverson-Blois"
"TEMP2456",NA,20626,"event",2474,2254,45678,NA,3,6539,FALSE,"Syverson-Blois"
"TEMP2457",NA,20835,"bounds",924,674,45678,NA,3,6539,FALSE,"Syverson-Blois"
"TEMP2458",NA,20835,"event",854,734,45678,NA,3,6539,FALSE,"Syverson-Blois"
"TEMP2459",NA,21102,"bounds",964,-75,45683,"younger age limits truncated at publication date (2025 CE)",3,6539,FALSE,"Syverson-Blois"
"TEMP2460",NA,21102,"event",704,204,45683,NA,3,6539,FALSE,"Syverson-Blois"
"TEMP2461",NA,21106,"bounds",6114,2764,45683,NA,3,6539,FALSE,"Syverson-Blois"
"TEMP2462",NA,21106,"event",5154,3894,45683,NA,3,6539,FALSE,"Syverson-Blois"
"TEMP2463",NA,21110,"bounds",19974,14104,45678,NA,3,6539,FALSE,"Syverson-Blois"
"TEMP2464",NA,21110,"event",18014,16064,45678,NA,3,6539,FALSE,"Syverson-Blois"
"TEMP2465",NA,21116,"bounds",1314,34,45678,NA,3,6539,FALSE,"Syverson-Blois"
"TEMP2466",NA,21116,"event",874,484,45678,NA,3,6539,FALSE,"Syverson-Blois"
"TEMP2467",NA,21456,"bounds",6324,2154,45683,NA,3,6539,FALSE,"Syverson-Blois"
"TEMP2468",NA,21456,"event",4924,3554,45683,NA,3,6539,FALSE,"Syverson-Blois"
"TEMP2469",NA,21459,"bounds",1404,744,45678,NA,3,6539,FALSE,"Syverson-Blois"
"TEMP2470",NA,21459,"event",1184,974,45678,NA,3,6539,FALSE,"Syverson-Blois"
"TEMP2471",NA,21805,"bounds",2744,2494,45678,NA,3,6539,FALSE,"Syverson-Blois"
"TEMP2472",NA,21805,"event",2674,2554,45678,NA,3,6539,FALSE,"Syverson-Blois"
"TEMP2473",NA,21824,"bounds",684,-75,45678,"younger age limits truncated at publication date (2025 CE)",3,6539,FALSE,"Syverson-Blois"
"TEMP2474",NA,21824,"event",444,174,45678,NA,3,6539,FALSE,"Syverson-Blois"
"TEMP2475",NA,21866,"bounds",3424,614,45683,NA,3,6539,FALSE,"Syverson-Blois"
"TEMP2476",NA,21866,"event",3344,684,45683,NA,3,6539,FALSE,"Syverson-Blois"
"TEMP2477",NA,21872,"bounds",20314,13874,45678,NA,3,6539,FALSE,"Syverson-Blois"
"TEMP2478",NA,21872,"event",18264,15894,45678,NA,3,6539,FALSE,"Syverson-Blois"
"TEMP2479",NA,22324,"bounds",14944,3104,45683,NA,3,6539,FALSE,"Syverson-Blois"
"TEMP2480",NA,22324,"event",12414,3404,45683,NA,3,6539,FALSE,"Syverson-Blois"
"TEMP2481",NA,22336,"bounds",1734,834,45678,NA,3,6539,FALSE,"Syverson-Blois"
"TEMP2482",NA,22336,"event",1424,1144,45678,NA,3,6539,FALSE,"Syverson-Blois"
"TEMP2483",NA,22339,"bounds",1144,244,45683,NA,3,6539,FALSE,"Syverson-Blois"
"TEMP2484",NA,22339,"event",924,524,45683,NA,3,6539,FALSE,"Syverson-Blois"
"TEMP2485",NA,22340,"bounds",5764,354,45683,NA,3,6539,FALSE,"Syverson-Blois"
"TEMP2486",NA,22340,"event",5304,654,45683,NA,3,6539,FALSE,"Syverson-Blois"
"TEMP2487",NA,22341,"bounds",934,44,45678,NA,3,6539,FALSE,"Syverson-Blois"
"TEMP2488",NA,22341,"event",634,344,45678,NA,3,6539,FALSE,"Syverson-Blois"
"TEMP2489",NA,22673,"bounds",31764,29414,45678,NA,3,6539,FALSE,"Syverson-Blois"
"TEMP2490",NA,22673,"event",30984,30194,45678,NA,3,6539,FALSE,"Syverson-Blois"
"TEMP2491",NA,23193,"bounds",24274,21254,45678,NA,3,6539,FALSE,"Syverson-Blois"
"TEMP2492",NA,23193,"event",23244,22294,45678,NA,3,6539,FALSE,"Syverson-Blois"
"TEMP2493",NA,23295,"bounds",43800,-75,45683,"younger age limits truncated at publication date (2025 CE)",3,6539,FALSE,"Syverson-Blois"
"TEMP2494",NA,23295,"event",35000,-75,45683,"younger age limits truncated at publication date (2025 CE)",3,6539,FALSE,"Syverson-Blois"
"TEMP2495",NA,23744,"bounds",1232,0,45683,NA,3,6539,FALSE,"Syverson-Blois"
"TEMP2496",NA,23744,"event",957,650,45683,NA,3,6539,FALSE,"Syverson-Blois"
"TEMP2497",NA,23745,"bounds",804,664,45678,NA,3,6539,FALSE,"Syverson-Blois"
"TEMP2498",NA,23745,"event",754,704,45678,NA,3,6539,FALSE,"Syverson-Blois"
"TEMP2499",NA,23747,"bounds",3744,2984,45678,NA,3,6539,FALSE,"Syverson-Blois"
"TEMP2500",NA,23747,"event",3484,3244,45678,NA,3,6539,FALSE,"Syverson-Blois"
"TEMP2501",NA,23861,"bounds",10174,8914,45678,NA,3,6539,FALSE,"Syverson-Blois"
"TEMP2502",NA,23861,"event",9784,9284,45678,NA,3,6539,FALSE,"Syverson-Blois"
"TEMP2503",NA,24121,"bounds",10004,1814,45683,NA,3,6539,FALSE,"Syverson-Blois"
"TEMP2504",NA,24121,"event",8464,2644,45683,NA,3,6539,FALSE,"Syverson-Blois"
"TEMP2505",NA,25507,"bounds",1994,524,45678,NA,3,6539,FALSE,"Syverson-Blois"
"TEMP2506",NA,25507,"event",1474,1024,45678,NA,3,6539,FALSE,"Syverson-Blois"
"TEMP2507",NA,25513,"bounds",2584,2194,45678,NA,3,6539,FALSE,"Syverson-Blois"
"TEMP2508",NA,25513,"event",2474,2304,45678,NA,3,6539,FALSE,"Syverson-Blois"
"TEMP2509",NA,25541,"bounds",894,-66,45678,NA,3,6539,FALSE,"Syverson-Blois"
"TEMP2510",NA,25541,"event",564,264,45678,NA,3,6539,FALSE,"Syverson-Blois"
"TEMP2511",NA,25543,"bounds",1934,654,45678,NA,3,6539,FALSE,"Syverson-Blois"
"TEMP2512",NA,25543,"event",1494,1094,45678,NA,3,6539,FALSE,"Syverson-Blois"
"TEMP2513",NA,25550,"bounds",1534,764,45678,NA,3,6539,FALSE,"Syverson-Blois"
"TEMP2514",NA,25550,"event",1274,1024,45678,NA,3,6539,FALSE,"Syverson-Blois"
"TEMP2515",NA,25553,"bounds",2934,2164,45678,NA,3,6539,FALSE,"Syverson-Blois"
"TEMP2516",NA,25553,"event",2694,2414,45678,NA,3,6539,FALSE,"Syverson-Blois"
"TEMP2517",NA,25554,"bounds",1104,434,45678,NA,3,6539,FALSE,"Syverson-Blois"
"TEMP2518",NA,25554,"event",874,664,45678,NA,3,6539,FALSE,"Syverson-Blois"
"TEMP2519",NA,25624,"bounds",3944,674,45678,NA,3,6539,FALSE,"Syverson-Blois"
"TEMP2520",NA,25624,"event",2944,1674,45678,NA,3,6539,FALSE,"Syverson-Blois"
"TEMP2521",NA,25684,"bounds",1664,864,45678,NA,3,6539,FALSE,"Syverson-Blois"
"TEMP2522",NA,25684,"event",1384,1144,45678,NA,3,6539,FALSE,"Syverson-Blois"
"TEMP2523",NA,25687,"bounds",804,4,45678,NA,3,6539,FALSE,"Syverson-Blois"
"TEMP2524",NA,25687,"event",524,294,45678,NA,3,6539,FALSE,"Syverson-Blois"
"TEMP2525",NA,25765,"bounds",3924,1064,45683,NA,3,6539,FALSE,"Syverson-Blois"
"TEMP2526",NA,25765,"event",3544,1384,45683,NA,3,6539,FALSE,"Syverson-Blois"
"TEMP2527",NA,25771,"bounds",3974,384,45683,NA,3,6539,FALSE,"Syverson-Blois"
"TEMP2528",NA,25771,"event",2884,564,45683,NA,3,6539,FALSE,"Syverson-Blois"
"TEMP2529",NA,25783,"bounds",1124,544,45678,NA,3,6539,FALSE,"Syverson-Blois"
"TEMP2530",NA,25783,"event",934,734,45678,NA,3,6539,FALSE,"Syverson-Blois"
"TEMP2531",NA,25796,"bounds",2144,704,45683,NA,3,6539,FALSE,"Syverson-Blois"
"TEMP2532",NA,25796,"event",1854,984,45683,NA,3,6539,FALSE,"Syverson-Blois"
"TEMP2533",NA,25806,"bounds",1164,724,45678,NA,3,6539,FALSE,"Syverson-Blois"
"TEMP2534",NA,25806,"event",1024,854,45678,NA,3,6539,FALSE,"Syverson-Blois"
"TEMP2535",NA,25810,"bounds",1104,424,45678,NA,3,6539,FALSE,"Syverson-Blois"
"TEMP2536",NA,25810,"event",874,654,45678,NA,3,6539,FALSE,"Syverson-Blois"
"TEMP2537",NA,25819,"bounds",18814,-75,45678,"younger age limits truncated at publication date (2025 CE)",3,6539,FALSE,"Syverson-Blois"
"TEMP2538",NA,25819,"event",12834,5334,45678,NA,3,6539,FALSE,"Syverson-Blois"
"TEMP2539",NA,25823,"bounds",1524,684,45678,NA,3,6539,FALSE,"Syverson-Blois"
"TEMP2540",NA,25823,"event",1244,974,45678,NA,3,6539,FALSE,"Syverson-Blois"
"TEMP2541",NA,25854,"bounds",634,-75,45678,"younger age limits truncated at publication date (2025 CE)",3,6539,FALSE,"Syverson-Blois"
"TEMP2542",NA,25854,"event",394,104,45678,NA,3,6539,FALSE,"Syverson-Blois"
"TEMP2543",NA,25883,"bounds",824,284,45678,NA,3,6539,FALSE,"Syverson-Blois"
"TEMP2544",NA,25883,"event",654,464,45678,NA,3,6539,FALSE,"Syverson-Blois"
"TEMP2545",NA,25884,"bounds",814,4,45678,NA,3,6539,FALSE,"Syverson-Blois"
"TEMP2546",NA,25884,"event",534,294,45678,NA,3,6539,FALSE,"Syverson-Blois"
"TEMP2547",NA,25885,"bounds",1874,1084,45678,NA,3,6539,FALSE,"Syverson-Blois"
"TEMP2548",NA,25885,"event",1604,1354,45678,NA,3,6539,FALSE,"Syverson-Blois"
"TEMP2549",NA,26125,"bounds",10484,574,45683,NA,3,6539,FALSE,"Syverson-Blois"
"TEMP2550",NA,26125,"event",9644,1984,45683,NA,3,6539,FALSE,"Syverson-Blois"
"TEMP2551",NA,26127,"bounds",1524,1234,45678,NA,3,6539,FALSE,"Syverson-Blois"
"TEMP2552",NA,26127,"event",1424,1324,45678,NA,3,6539,FALSE,"Syverson-Blois"
"TEMP2553",NA,26129,"bounds",11444,10224,45678,NA,3,6539,FALSE,"Syverson-Blois"
"TEMP2554",NA,26129,"event",11044,10624,45678,NA,3,6539,FALSE,"Syverson-Blois"
"TEMP2555",NA,26336,"bounds",6224,4544,45678,NA,3,6539,FALSE,"Syverson-Blois"
"TEMP2556",NA,26336,"event",5654,5094,45678,NA,3,6539,FALSE,"Syverson-Blois"
"TEMP2557",NA,26345,"bounds",1114,424,45678,NA,3,6539,FALSE,"Syverson-Blois"
"TEMP2558",NA,26345,"event",884,664,45678,NA,3,6539,FALSE,"Syverson-Blois"
"TEMP2559",NA,26370,"bounds",3224,1884,45678,NA,3,6539,FALSE,"Syverson-Blois"
"TEMP2560",NA,26370,"event",2764,2344,45678,NA,3,6539,FALSE,"Syverson-Blois"
"TEMP2561",NA,26424,"bounds",3144,2074,45678,NA,3,6539,FALSE,"Syverson-Blois"
"TEMP2562",NA,26424,"event",2784,2434,45678,NA,3,6539,FALSE,"Syverson-Blois"
"TEMP2563",NA,26427,"bounds",7024,624,45683,NA,3,6539,FALSE,"Syverson-Blois"
"TEMP2564",NA,26427,"event",6594,1104,45683,NA,3,6539,FALSE,"Syverson-Blois"
"TEMP2565",NA,26428,"bounds",2724,1544,45678,NA,3,6539,FALSE,"Syverson-Blois"
"TEMP2566",NA,26428,"event",2344,1904,45678,NA,3,6539,FALSE,"Syverson-Blois"
"TEMP2569",NA,26437,"bounds",924,314,45678,NA,3,6539,FALSE,"Syverson-Blois"
"TEMP2570",NA,26437,"event",704,524,45678,NA,3,6539,FALSE,"Syverson-Blois"
"TEMP2571",NA,26440,"bounds",5544,-75,45683,"younger age limits truncated at publication date (2025 CE)",3,6539,FALSE,"Syverson-Blois"
"TEMP2572",NA,26440,"event",5144,454,45683,NA,3,6539,FALSE,"Syverson-Blois"
"TEMP2573",NA,26444,"bounds",984,294,45678,NA,3,6539,FALSE,"Syverson-Blois"
"TEMP2574",NA,26444,"event",744,534,45678,NA,3,6539,FALSE,"Syverson-Blois"
"TEMP2575",NA,26450,"bounds",964,324,45678,NA,3,6539,FALSE,"Syverson-Blois"
"TEMP2576",NA,26450,"event",744,544,45678,NA,3,6539,FALSE,"Syverson-Blois"
"TEMP2577",NA,26453,"bounds",8294,3564,45683,NA,3,6539,FALSE,"Syverson-Blois"
"TEMP2578",NA,26453,"event",7974,3964,45683,NA,3,6539,FALSE,"Syverson-Blois"
"TEMP2579",NA,26454,"bounds",694,164,45678,NA,3,6539,FALSE,"Syverson-Blois"
"TEMP2580",NA,26454,"event",514,334,45678,NA,3,6539,FALSE,"Syverson-Blois"
"TEMP2581",NA,26456,"bounds",1134,484,45678,NA,3,6539,FALSE,"Syverson-Blois"
"TEMP2582",NA,26456,"event",914,704,45678,NA,3,6539,FALSE,"Syverson-Blois"
"TEMP2583",NA,26457,"bounds",3134,1144,45683,NA,3,6539,FALSE,"Syverson-Blois"
"TEMP2584",NA,26457,"event",2694,1354,45683,NA,3,6539,FALSE,"Syverson-Blois"
"TEMP2585",NA,26458,"bounds",2004,274,45678,NA,3,6539,FALSE,"Syverson-Blois"
"TEMP2586",NA,26458,"event",1414,854,45678,NA,3,6539,FALSE,"Syverson-Blois"
"TEMP2587",NA,26459,"bounds",3804,454,45683,NA,3,6539,FALSE,"Syverson-Blois"
"TEMP2588",NA,26459,"event",3534,514,45683,NA,3,6539,FALSE,"Syverson-Blois"
"TEMP2589",NA,26469,"bounds",14524,13424,45678,NA,3,6539,FALSE,"Syverson-Blois"
"TEMP2590",NA,26469,"event",14144,13804,45678,NA,3,6539,FALSE,"Syverson-Blois"
"TEMP2591",NA,26470,"bounds",4004,2184,45683,NA,3,6539,FALSE,"Syverson-Blois"
"TEMP2592",NA,26470,"event",3454,2814,45683,NA,3,6539,FALSE,"Syverson-Blois"
"TEMP2593",NA,26471,"bounds",1174,-75,45678,"younger age limits truncated at publication date (2025 CE)",3,6539,FALSE,"Syverson-Blois"
"TEMP2594",NA,26471,"event",724,284,45678,NA,3,6539,FALSE,"Syverson-Blois"
"TEMP2595",NA,26472,"bounds",1864,1164,45678,NA,3,6539,FALSE,"Syverson-Blois"
"TEMP2596",NA,26472,"event",1634,1394,45678,NA,3,6539,FALSE,"Syverson-Blois"
"TEMP2597",NA,26474,"bounds",1364,684,45678,NA,3,6539,FALSE,"Syverson-Blois"
"TEMP2598",NA,26474,"event",1134,924,45678,NA,3,6539,FALSE,"Syverson-Blois"
"TEMP2599",NA,26479,"bounds",39284,0,45683,NA,3,6539,FALSE,"Syverson-Blois"
"TEMP2600",NA,26479,"event",37354,0,45683,NA,3,6539,FALSE,"Syverson-Blois"
"TEMP2601",NA,26545,"bounds",3064,2264,45678,NA,3,6539,FALSE,"Syverson-Blois"
"TEMP2602",NA,26545,"event",2794,2524,45678,NA,3,6539,FALSE,"Syverson-Blois"
"TEMP2603",NA,26569,"bounds",2574,1304,45678,NA,3,6539,FALSE,"Syverson-Blois"
"TEMP2604",NA,26569,"event",2144,1734,45678,NA,3,6539,FALSE,"Syverson-Blois"
"TEMP2605",NA,26620,"bounds",50644,8184,45683,NA,3,6539,FALSE,"Syverson-Blois"
"TEMP2606",NA,26620,"event",37604,18544,45683,NA,3,6539,FALSE,"Syverson-Blois"
"TEMP2607",NA,26770,"bounds",6500,1000,45683,NA,3,6539,FALSE,"Syverson-Blois"
"TEMP2608",NA,26770,"event",5000,2700,45683,NA,3,6539,FALSE,"Syverson-Blois"
"TEMP2609",NA,26773,"bounds",1534,594,45678,NA,3,6539,FALSE,"Syverson-Blois"
"TEMP2610",NA,26773,"event",1214,904,45678,NA,3,6539,FALSE,"Syverson-Blois"
"TEMP2611",NA,26775,"bounds",18724,16944,45678,NA,3,6539,FALSE,"Syverson-Blois"
"TEMP2612",NA,26775,"event",18144,17534,45678,NA,3,6539,FALSE,"Syverson-Blois"
"TEMP2613",NA,26796,"bounds",854,-6,45678,NA,3,6539,FALSE,"Syverson-Blois"
"TEMP2614",NA,26796,"event",564,304,45678,NA,3,6539,FALSE,"Syverson-Blois"
"TEMP2615",NA,26803,"bounds",934,184,45678,NA,3,6539,FALSE,"Syverson-Blois"
"TEMP2616",NA,26803,"event",674,454,45678,NA,3,6539,FALSE,"Syverson-Blois"
"TEMP2617",NA,26805,"bounds",934,304,45678,NA,3,6539,FALSE,"Syverson-Blois"
"TEMP2618",NA,26805,"event",714,524,45678,NA,3,6539,FALSE,"Syverson-Blois"
"TEMP2619",NA,26810,"bounds",4234,2274,45678,NA,3,6539,FALSE,"Syverson-Blois"
"TEMP2620",NA,26810,"event",3604,2904,45678,NA,3,6539,FALSE,"Syverson-Blois"
"TEMP2621",NA,26815,"bounds",4844,3564,45678,NA,3,6539,FALSE,"Syverson-Blois"
"TEMP2622",NA,26815,"event",4404,3994,45678,NA,3,6539,FALSE,"Syverson-Blois"
"TEMP2623",NA,26816,"bounds",4074,2514,45678,NA,3,6539,FALSE,"Syverson-Blois"
"TEMP2624",NA,26816,"event",3534,3054,45678,NA,3,6539,FALSE,"Syverson-Blois"
"TEMP2625",NA,26817,"bounds",1024,94,45678,NA,3,6539,FALSE,"Syverson-Blois"
"TEMP2626",NA,26817,"event",704,424,45678,NA,3,6539,FALSE,"Syverson-Blois"
"TEMP2627",NA,26818,"bounds",1084,324,45678,NA,3,6539,FALSE,"Syverson-Blois"
"TEMP2628",NA,26818,"event",824,584,45678,NA,3,6539,FALSE,"Syverson-Blois"
"TEMP2629",NA,26829,"bounds",13734,12944,45678,NA,3,6539,FALSE,"Syverson-Blois"
"TEMP2630",NA,26829,"event",13464,13214,45678,NA,3,6539,FALSE,"Syverson-Blois"
"TEMP2631",NA,26834,"bounds",804,394,45678,NA,3,6539,FALSE,"Syverson-Blois"
"TEMP2632",NA,26834,"event",664,534,45678,NA,3,6539,FALSE,"Syverson-Blois"
"TEMP2633",NA,26840,"bounds",7144,2454,45683,NA,3,6539,FALSE,"Syverson-Blois"
"TEMP2634",NA,26840,"event",6684,2864,45683,NA,3,6539,FALSE,"Syverson-Blois"
"TEMP2635",NA,26842,"bounds",2804,2394,45678,NA,3,6539,FALSE,"Syverson-Blois"
"TEMP2636",NA,26842,"event",2704,2524,45678,NA,3,6539,FALSE,"Syverson-Blois"
"TEMP2637",NA,26843,"bounds",19014,9594,45683,NA,3,6539,FALSE,"Syverson-Blois"
"TEMP2638",NA,26843,"event",15794,10274,45683,NA,3,6539,FALSE,"Syverson-Blois"
"TEMP2639",NA,26848,"bounds",1404,524,45678,NA,3,6539,FALSE,"Syverson-Blois"
"TEMP2640",NA,26848,"event",1104,794,45678,NA,3,6539,FALSE,"Syverson-Blois"
"TEMP2641",NA,26853,"bounds",5854,-75,45678,"younger age limits truncated at publication date (2025 CE)",3,6539,FALSE,"Syverson-Blois"
"TEMP2642",NA,26853,"event",3844,1544,45678,NA,3,6539,FALSE,"Syverson-Blois"
"TEMP2643",NA,26858,"bounds",1894,-75,45683,"younger age limits truncated at publication date (2025 CE)",3,6539,FALSE,"Syverson-Blois"
"TEMP2644",NA,26858,"event",1754,284,45683,NA,3,6539,FALSE,"Syverson-Blois"
"TEMP2645",NA,26864,"bounds",3004,2284,45678,NA,3,6539,FALSE,"Syverson-Blois"
"TEMP2646",NA,26864,"event",2754,2524,45678,NA,3,6539,FALSE,"Syverson-Blois"
"TEMP2647",NA,26865,"bounds",2064,264,45683,NA,3,6539,FALSE,"Syverson-Blois"
"TEMP2648",NA,26865,"event",1604,584,45683,NA,3,6539,FALSE,"Syverson-Blois"
"TEMP2649",NA,26870,"bounds",1004,-36,45678,NA,3,6539,FALSE,"Syverson-Blois"
"TEMP2650",NA,26870,"event",644,334,45678,NA,3,6539,FALSE,"Syverson-Blois"
"TEMP2651",NA,26871,"bounds",964,74,45678,NA,3,6539,FALSE,"Syverson-Blois"
"TEMP2652",NA,26871,"event",654,384,45678,NA,3,6539,FALSE,"Syverson-Blois"
"TEMP2653",NA,26873,"bounds",814,-75,45683,"younger age limits truncated at publication date (2025 CE)",3,6539,FALSE,"Syverson-Blois"
"TEMP2654",NA,26873,"event",524,154,45683,NA,3,6539,FALSE,"Syverson-Blois"
"TEMP2655",NA,26874,"bounds",4424,504,45683,NA,3,6539,FALSE,"Syverson-Blois"
"TEMP2656",NA,26874,"event",4004,564,45683,NA,3,6539,FALSE,"Syverson-Blois"
"TEMP2657",NA,26878,"bounds",1764,624,45683,NA,3,6539,FALSE,"Syverson-Blois"
"TEMP2658",NA,26878,"event",1544,884,45683,NA,3,6539,FALSE,"Syverson-Blois"
"TEMP2659",NA,26884,"bounds",24004,23254,45678,NA,3,6539,FALSE,"Syverson-Blois"
"TEMP2660",NA,26884,"event",23784,23474,45678,NA,3,6539,FALSE,"Syverson-Blois"
"TEMP2661",NA,26918,"bounds",13394,7704,45678,NA,3,6539,FALSE,"Syverson-Blois"
"TEMP2662",NA,26918,"event",11644,9454,45678,NA,3,6539,FALSE,"Syverson-Blois"
"TEMP2663",NA,26999,"bounds",2064,374,45678,NA,3,6539,FALSE,"Syverson-Blois"
"TEMP2664",NA,26999,"event",1554,882,45678,NA,3,6539,FALSE,"Syverson-Blois"
"TEMP2665",NA,27098,"bounds",850000,14624,45678,NA,3,6539,FALSE,"Syverson-Blois"
"TEMP2666",NA,27098,"event",850000,14994,45678,NA,3,6539,FALSE,"Syverson-Blois"
"TEMP2667",NA,27102,"bounds",49800,-75,45678,"younger age limits truncated at publication date (2025 CE)",3,6539,FALSE,"Syverson-Blois"
"TEMP2668",NA,27102,"event",33800,15400,45678,NA,3,6539,FALSE,"Syverson-Blois"
"TEMP2669",NA,27103,"bounds",1444,784,45678,NA,3,6539,FALSE,"Syverson-Blois"
"TEMP2670",NA,27103,"event",1224,1004,45678,NA,3,6539,FALSE,"Syverson-Blois"
"TEMP2671",NA,27122,"bounds",4814,2994,45678,NA,3,6539,FALSE,"Syverson-Blois"
"TEMP2672",NA,27122,"event",4204,3614,45678,NA,3,6539,FALSE,"Syverson-Blois"
"TEMP2673",NA,27129,"bounds",834,464,45678,NA,3,6539,FALSE,"Syverson-Blois"
"TEMP2674",NA,27129,"event",714,584,45678,NA,3,6539,FALSE,"Syverson-Blois"
"TEMP2675",NA,27201,"bounds",26914,18724,45683,NA,3,6539,FALSE,"Syverson-Blois"
"TEMP2676",NA,27201,"event",24354,21334,45683,NA,3,6539,FALSE,"Syverson-Blois"
"TEMP2677",NA,27205,"bounds",1264,844,45678,NA,3,6539,FALSE,"Syverson-Blois"
"TEMP2678",NA,27205,"event",1164,954,45678,NA,3,6539,FALSE,"Syverson-Blois"
"TEMP2679",NA,27212,"bounds",4234,-75,45678,"younger age limits truncated at publication date (2025 CE)",3,6539,FALSE,"Syverson-Blois"
"TEMP2680",NA,27212,"event",2744,1024,45678,NA,3,6539,FALSE,"Syverson-Blois"
"TEMP2681",NA,27213,"bounds",2254,1184,45678,NA,3,6539,FALSE,"Syverson-Blois"
"TEMP2682",NA,27213,"event",1904,1504,45678,NA,3,6539,FALSE,"Syverson-Blois"
"TEMP2683",NA,27217,"bounds",3014,-75,45683,"younger age limits truncated at publication date (2025 CE)",3,6539,FALSE,"Syverson-Blois"
"TEMP2684",NA,27217,"event",2234,284,45683,NA,3,6539,FALSE,"Syverson-Blois"
"TEMP2685",NA,27236,"bounds",4734,1974,45683,NA,3,6539,FALSE,"Syverson-Blois"
"TEMP2686",NA,27236,"event",4104,2614,45683,NA,3,6539,FALSE,"Syverson-Blois"
"TEMP2687",NA,27272,"bounds",1534,674,45678,NA,3,6539,FALSE,"Syverson-Blois"
"TEMP2688",NA,27272,"event",1244,964,45678,NA,3,6539,FALSE,"Syverson-Blois"
"TEMP2689",NA,27274,"bounds",23074,13184,45683,NA,3,6539,FALSE,"Syverson-Blois"
"TEMP2690",NA,27274,"event",19694,16534,45683,NA,3,6539,FALSE,"Syverson-Blois"
"TEMP2691",NA,27276,"bounds",1004,124,45678,NA,3,6539,FALSE,"Syverson-Blois"
"TEMP2692",NA,27276,"event",694,424,45678,NA,3,6539,FALSE,"Syverson-Blois"
"TEMP2693",NA,27278,"bounds",3094,1444,45678,NA,3,6539,FALSE,"Syverson-Blois"
"TEMP2694",NA,27278,"event",2544,1994,45678,NA,3,6539,FALSE,"Syverson-Blois"
"TEMP2695",NA,27281,"bounds",21874,13134,45678,NA,3,6539,FALSE,"Syverson-Blois"
"TEMP2696",NA,27281,"event",18944,16054,45678,NA,3,6539,FALSE,"Syverson-Blois"
"TEMP2697",NA,27284,"bounds",1264,734,45678,NA,3,6539,FALSE,"Syverson-Blois"
"TEMP2698",NA,27284,"event",1114,874,45678,NA,3,6539,FALSE,"Syverson-Blois"
"TEMP2699",NA,27286,"bounds",59287,11900,45683,NA,3,6539,FALSE,"Syverson-Blois"
"TEMP2700",NA,27286,"event",45900,11852,45683,NA,3,6539,FALSE,"Syverson-Blois"
"TEMP2701",NA,27287,"bounds",6034,504,45683,NA,3,6539,FALSE,"Syverson-Blois"
"TEMP2702",NA,27287,"event",5654,584,45683,NA,3,6539,FALSE,"Syverson-Blois"
"TEMP2703",NA,27314,"bounds",1294,1064,45678,NA,3,6539,FALSE,"Syverson-Blois"
"TEMP2704",NA,27314,"event",1234,1124,45678,NA,3,6539,FALSE,"Syverson-Blois"
"TEMP2705",NA,27585,"bounds",14500,5700,45678,NA,3,6539,FALSE,"Syverson-Blois"
"TEMP2706",NA,27585,"event",11700,8500,45678,NA,3,6539,FALSE,"Syverson-Blois"
"TEMP2707",NA,27693,"bounds",1084,344,45683,NA,3,6539,FALSE,"Syverson-Blois"
"TEMP2708",NA,27693,"event",844,594,45683,NA,3,6539,FALSE,"Syverson-Blois"
"TEMP2709",NA,27865,"bounds",414,324,45678,NA,3,6539,FALSE,"Syverson-Blois"
"TEMP2710",NA,27865,"event",404,334,45678,NA,3,6539,FALSE,"Syverson-Blois"
"TEMP2711",NA,27946,"bounds",2254,564,45683,NA,3,6539,FALSE,"Syverson-Blois"
"TEMP2712",NA,27946,"event",2004,854,45683,NA,3,6539,FALSE,"Syverson-Blois"
"TEMP2713",NA,27950,"bounds",38954,-75,45683,"younger age limits truncated at publication date (2025 CE)",3,6539,FALSE,"Syverson-Blois"
"TEMP2714",NA,27950,"event",31264,9334,45683,NA,3,6539,FALSE,"Syverson-Blois"
"TEMP2715",NA,28026,"bounds",4994,-75,45683,"younger age limits truncated at publication date (2025 CE)",3,6539,FALSE,"Syverson-Blois"
"TEMP2716",NA,28026,"event",4554,154,45683,NA,3,6539,FALSE,"Syverson-Blois"
"TEMP2717",NA,28043,"bounds",2684,-75,45683,"younger age limits truncated at publication date (2025 CE)",3,6539,FALSE,"Syverson-Blois"
"TEMP2718",NA,28043,"event",2594,54,45683,NA,3,6539,FALSE,"Syverson-Blois"
"TEMP2719",NA,28048,"bounds",4414,3254,45678,NA,3,6539,FALSE,"Syverson-Blois"
"TEMP2720",NA,28048,"event",4024,3644,45678,NA,3,6539,FALSE,"Syverson-Blois"
"TEMP2721",NA,28052,"bounds",19614,13404,45683,NA,3,6539,FALSE,"Syverson-Blois"
"TEMP2722",NA,28052,"event",18694,13954,45683,NA,3,6539,FALSE,"Syverson-Blois"
"TEMP2723",NA,28054,"bounds",45300,9100,45678,NA,3,6539,FALSE,"Syverson-Blois"
"TEMP2724",NA,28054,"event",33900,20200,45678,NA,3,6539,FALSE,"Syverson-Blois"
"TEMP2725",NA,28055,"bounds",30700,24800,45678,NA,3,6539,FALSE,"Syverson-Blois"
"TEMP2726",NA,28055,"event",28700,26600,45678,NA,3,6539,FALSE,"Syverson-Blois"
"TEMP2727",NA,28056,"bounds",994,524,45678,NA,3,6539,FALSE,"Syverson-Blois"
"TEMP2728",NA,28056,"event",824,664,45678,NA,3,6539,FALSE,"Syverson-Blois"
"TEMP2729",NA,28057,"bounds",724,-75,45683,"younger age limits truncated at publication date (2025 CE)",3,6539,FALSE,"Syverson-Blois"
"TEMP2730",NA,28057,"event",624,134,45683,NA,3,6539,FALSE,"Syverson-Blois"
"TEMP2731",NA,28058,"bounds",1014,294,45678,NA,3,6539,FALSE,"Syverson-Blois"
"TEMP2732",NA,28058,"event",764,544,45678,NA,3,6539,FALSE,"Syverson-Blois"
"TEMP2733",NA,28060,"bounds",15474,14124,45678,NA,3,6539,FALSE,"Syverson-Blois"
"TEMP2734",NA,28060,"event",15064,14604,45678,NA,3,6539,FALSE,"Syverson-Blois"
"TEMP2735",NA,28068,"bounds",2574,-6,45683,NA,3,6539,FALSE,"Syverson-Blois"
"TEMP2736",NA,28068,"event",2094,324,45683,NA,3,6539,FALSE,"Syverson-Blois"
"TEMP2737",NA,28073,"bounds",2574,1044,45678,NA,3,6539,FALSE,"Syverson-Blois"
"TEMP2738",NA,28073,"event",2054,1564,45678,NA,3,6539,FALSE,"Syverson-Blois"
"TEMP2739",NA,28076,"bounds",1234,444,45678,NA,3,6539,FALSE,"Syverson-Blois"
"TEMP2740",NA,28076,"event",964,714,45678,NA,3,6539,FALSE,"Syverson-Blois"
"TEMP2741",NA,28077,"bounds",1814,404,45678,NA,3,6539,FALSE,"Syverson-Blois"
"TEMP2742",NA,28077,"event",1384,824,45678,NA,3,6539,FALSE,"Syverson-Blois"
"TEMP2743",NA,28103,"bounds",6064,-75,45683,"younger age limits truncated at publication date (2025 CE)",3,6539,FALSE,"Syverson-Blois"
"TEMP2744",NA,28103,"event",4374,204,45683,NA,3,6539,FALSE,"Syverson-Blois"
"TEMP2745",NA,28107,"bounds",44164,16624,45683,NA,3,6539,FALSE,"Syverson-Blois"
"TEMP2746",NA,28107,"event",42424,18884,45683,NA,3,6539,FALSE,"Syverson-Blois"
"TEMP2747",NA,28108,"bounds",20114,12314,45678,NA,3,6539,FALSE,"Syverson-Blois"
"TEMP2748",NA,28108,"event",17624,14824,45678,NA,3,6539,FALSE,"Syverson-Blois"
"TEMP2749",NA,28115,"bounds",12154,9764,45678,NA,3,6539,FALSE,"Syverson-Blois"
"TEMP2750",NA,28115,"event",11334,10584,45678,NA,3,6539,FALSE,"Syverson-Blois"
"TEMP2751",NA,28151,"bounds",1244,424,45683,NA,3,6539,FALSE,"Syverson-Blois"
"TEMP2752",NA,28151,"event",984,684,45683,NA,3,6539,FALSE,"Syverson-Blois"
"TEMP2753",NA,28166,"bounds",20184,15644,45678,NA,3,6539,FALSE,"Syverson-Blois"
"TEMP2754",NA,28166,"event",18764,17084,45678,NA,3,6539,FALSE,"Syverson-Blois"
"TEMP2755",NA,28171,"bounds",1024,-6,45683,NA,3,6539,FALSE,"Syverson-Blois"
"TEMP2756",NA,28171,"event",774,114,45683,NA,3,6539,FALSE,"Syverson-Blois"
"TEMP2757",NA,28175,"bounds",11744,10114,45678,NA,3,6539,FALSE,"Syverson-Blois"
"TEMP2758",NA,28175,"event",11194,10664,45678,NA,3,6539,FALSE,"Syverson-Blois"
"TEMP2759",NA,28177,"bounds",63700,600,45678,NA,3,6539,FALSE,"Syverson-Blois"
"TEMP2760",NA,28177,"event",43800,20300,45678,NA,3,6539,FALSE,"Syverson-Blois"
"TEMP2761",NA,28185,"bounds",1474,924,45678,NA,3,6539,FALSE,"Syverson-Blois"
"TEMP2762",NA,28185,"event",1284,1104,45678,NA,3,6539,FALSE,"Syverson-Blois"
"TEMP2763",NA,28193,"bounds",8224,-36,45683,NA,3,6539,FALSE,"Syverson-Blois"
"TEMP2764",NA,28193,"event",5724,0,45683,NA,3,6539,FALSE,"Syverson-Blois"
"TEMP2765",NA,28196,"bounds",834,-16,45678,NA,3,6539,FALSE,"Syverson-Blois"
"TEMP2766",NA,28196,"event",534,284,45678,NA,3,6539,FALSE,"Syverson-Blois"
"TEMP2767",NA,28199,"bounds",3284,-26,45683,NA,3,6539,FALSE,"Syverson-Blois"
"TEMP2768",NA,28199,"event",2384,274,45683,NA,3,6539,FALSE,"Syverson-Blois"
"TEMP2769",NA,28203,"bounds",2864,2024,45678,NA,3,6539,FALSE,"Syverson-Blois"
"TEMP2770",NA,28203,"event",2594,2304,45678,NA,3,6539,FALSE,"Syverson-Blois"
"TEMP2771",NA,28204,"bounds",1504,664,45678,NA,3,6539,FALSE,"Syverson-Blois"
"TEMP2772",NA,28204,"event",1224,944,45678,NA,3,6539,FALSE,"Syverson-Blois"
"TEMP2773",NA,28207,"bounds",3572,314,45683,NA,3,6539,FALSE,"Syverson-Blois"
"TEMP2774",NA,28207,"event",3157,582,45683,NA,3,6539,FALSE,"Syverson-Blois"
"TEMP2775",NA,28258,"bounds",1854,424,45683,NA,3,6539,FALSE,"Syverson-Blois"
"TEMP2776",NA,28258,"event",1554,714,45683,NA,3,6539,FALSE,"Syverson-Blois"
"TEMP2777",NA,28259,"bounds",7574,2654,45683,NA,3,6539,FALSE,"Syverson-Blois"
"TEMP2778",NA,28259,"event",5884,4334,45683,NA,3,6539,FALSE,"Syverson-Blois"
"TEMP2779",NA,28261,"bounds",894,14,45678,NA,3,6539,FALSE,"Syverson-Blois"
"TEMP2780",NA,28261,"event",594,324,45678,NA,3,6539,FALSE,"Syverson-Blois"
"TEMP2781",NA,28262,"bounds",2534,1014,45678,NA,3,6539,FALSE,"Syverson-Blois"
"TEMP2782",NA,28262,"event",2014,1534,45678,NA,3,6539,FALSE,"Syverson-Blois"
"TEMP2783",NA,28263,"bounds",1014,-75,45683,"younger age limits truncated at publication date (2025 CE)",3,6539,FALSE,"Syverson-Blois"
"TEMP2784",NA,28263,"event",814,74,45683,NA,3,6539,FALSE,"Syverson-Blois"
"TEMP2785",NA,28264,"bounds",574,-75,45678,"younger age limits truncated at publication date (2025 CE)",3,6539,FALSE,"Syverson-Blois"
"TEMP2786",NA,28264,"event",334,64,45678,NA,3,6539,FALSE,"Syverson-Blois"
"TEMP2787",NA,28265,"bounds",42600,12937,45683,NA,3,6539,FALSE,"Syverson-Blois"
"TEMP2788",NA,28265,"event",41200,13500,45683,NA,3,6539,FALSE,"Syverson-Blois"
"TEMP2789",NA,28266,"bounds",1974,284,45683,NA,3,6539,FALSE,"Syverson-Blois"
"TEMP2790",NA,28266,"event",1384,854,45683,NA,3,6539,FALSE,"Syverson-Blois"
"TEMP2791",NA,28272,"bounds",7254,6404,45678,NA,3,6539,FALSE,"Syverson-Blois"
"TEMP2792",NA,28272,"event",6974,6684,45678,NA,3,6539,FALSE,"Syverson-Blois"
"TEMP2793",NA,28273,"bounds",6934,6534,45678,NA,3,6539,FALSE,"Syverson-Blois"
"TEMP2794",NA,28273,"event",6794,6664,45678,NA,3,6539,FALSE,"Syverson-Blois"
"TEMP2795",NA,28276,"bounds",1724,444,45678,NA,3,6539,FALSE,"Syverson-Blois"
"TEMP2796",NA,28276,"event",1294,864,45678,NA,3,6539,FALSE,"Syverson-Blois"
"TEMP2797",NA,28278,"bounds",1624,1074,45678,NA,3,6539,FALSE,"Syverson-Blois"
"TEMP2798",NA,28278,"event",1424,1244,45678,NA,3,6539,FALSE,"Syverson-Blois"
"TEMP2799",NA,28292,"bounds",5714,944,45683,NA,3,6539,FALSE,"Syverson-Blois"
"TEMP2800",NA,28292,"event",5224,1364,45683,NA,3,6539,FALSE,"Syverson-Blois"
"TEMP2801",NA,28310,"bounds",4734,-36,45683,NA,3,6539,FALSE,"Syverson-Blois"
"TEMP2802",NA,28310,"event",3214,1434,45683,NA,3,6539,FALSE,"Syverson-Blois"
"TEMP2803",NA,28314,"bounds",894,-26,45678,NA,3,6539,FALSE,"Syverson-Blois"
"TEMP2804",NA,28314,"event",624,274,45678,NA,3,6539,FALSE,"Syverson-Blois"
"TEMP2805",NA,28318,"bounds",19904,10324,45678,NA,3,6539,FALSE,"Syverson-Blois"
"TEMP2806",NA,28318,"event",16984,12054,45678,NA,3,6539,FALSE,"Syverson-Blois"
"TEMP2807",NA,28319,"bounds",11700,2374,45683,NA,3,6539,FALSE,"Syverson-Blois"
"TEMP2808",NA,28319,"event",11700,3574,45683,NA,3,6539,FALSE,"Syverson-Blois"
"TEMP2809",NA,28320,"bounds",26500,0,45683,NA,3,6539,FALSE,"Syverson-Blois"
"TEMP2810",NA,28320,"event",26500,0,45683,NA,3,6539,FALSE,"Syverson-Blois"
"TEMP2811",NA,28321,"bounds",17434,16324,45678,NA,3,6539,FALSE,"Syverson-Blois"
"TEMP2812",NA,28321,"event",17054,16704,45678,NA,3,6539,FALSE,"Syverson-Blois"
"TEMP2813",NA,28325,"bounds",11700,1664,45683,NA,3,6539,FALSE,"Syverson-Blois"
"TEMP2814",NA,28325,"event",11700,2214,45683,NA,3,6539,FALSE,"Syverson-Blois"
"TEMP2815",NA,28328,"bounds",5294,-75,45683,"younger age limits truncated at publication date (2025 CE)",3,6539,FALSE,"Syverson-Blois"
"TEMP2816",NA,28328,"event",3554,184,45683,NA,3,6539,FALSE,"Syverson-Blois"
"TEMP2817",NA,28329,"bounds",1064,-75,45683,"younger age limits truncated at publication date (2025 CE)",3,6539,FALSE,"Syverson-Blois"
"TEMP2818",NA,28329,"event",734,84,45683,NA,3,6539,FALSE,"Syverson-Blois"
"TEMP2819",NA,28332,"bounds",2834,1104,45678,NA,3,6539,FALSE,"Syverson-Blois"
"TEMP2820",NA,28332,"event",2264,1674,45678,NA,3,6539,FALSE,"Syverson-Blois"
"TEMP2821",NA,28336,"bounds",39800,13500,45678,NA,3,6539,FALSE,"Syverson-Blois"
"TEMP2822",NA,28336,"event",31400,21500,45678,NA,3,6539,FALSE,"Syverson-Blois"
"TEMP2823",NA,28338,"bounds",3424,134,45678,NA,3,6539,FALSE,"Syverson-Blois"
"TEMP2824",NA,28338,"event",2394,1154,45678,NA,3,6539,FALSE,"Syverson-Blois"
"TEMP2825",NA,28342,"bounds",8274,1804,45683,NA,3,6539,FALSE,"Syverson-Blois"
"TEMP2826",NA,28342,"event",7854,2144,45683,NA,3,6539,FALSE,"Syverson-Blois"
"TEMP2827",NA,28344,"bounds",6774,2184,45683,NA,3,6539,FALSE,"Syverson-Blois"
"TEMP2828",NA,28344,"event",6194,3374,45683,NA,3,6539,FALSE,"Syverson-Blois"
"TEMP2829",NA,28345,"bounds",6494,394,45683,NA,3,6539,FALSE,"Syverson-Blois"
"TEMP2830",NA,28345,"event",5834,894,45683,NA,3,6539,FALSE,"Syverson-Blois"
"TEMP2831",NA,28349,"bounds",1494,574,45683,NA,3,6539,FALSE,"Syverson-Blois"
"TEMP2832",NA,28349,"event",1384,644,45683,NA,3,6539,FALSE,"Syverson-Blois"
"TEMP2833",NA,28355,"bounds",6364,0,45683,NA,3,6539,FALSE,"Syverson-Blois"
"TEMP2834",NA,28355,"event",5944,0,45683,NA,3,6539,FALSE,"Syverson-Blois"
"TEMP2835",NA,28356,"bounds",4894,-75,45683,"younger age limits truncated at publication date (2025 CE)",3,6539,FALSE,"Syverson-Blois"
"TEMP2836",NA,28356,"event",4244,354,45683,NA,3,6539,FALSE,"Syverson-Blois"
"TEMP2837",NA,28363,"bounds",1264,94,45683,NA,3,6539,FALSE,"Syverson-Blois"
"TEMP2838",NA,28363,"event",874,224,45683,NA,3,6539,FALSE,"Syverson-Blois"
"TEMP2839",NA,28371,"bounds",1364,954,45678,NA,3,6539,FALSE,"Syverson-Blois"
"TEMP2840",NA,28371,"event",1234,1094,45678,NA,3,6539,FALSE,"Syverson-Blois"
"TEMP2841",NA,28372,"bounds",12914,7924,45683,NA,3,6539,FALSE,"Syverson-Blois"
"TEMP2842",NA,28372,"event",12374,8724,45683,NA,3,6539,FALSE,"Syverson-Blois"
"TEMP2843",NA,28375,"bounds",5284,3052,45683,NA,3,6539,FALSE,"Syverson-Blois"
"TEMP2844",NA,28375,"event",4804,3807,45683,NA,3,6539,FALSE,"Syverson-Blois"
"TEMP2845",NA,28382,"bounds",27324,15024,45683,NA,3,6539,FALSE,"Syverson-Blois"
"TEMP2846",NA,28382,"event",27184,16704,45683,NA,3,6539,FALSE,"Syverson-Blois"
"TEMP2847",NA,28395,"bounds",964,-75,45678,"younger age limits truncated at publication date (2025 CE)",3,6539,FALSE,"Syverson-Blois"
"TEMP2848",NA,28395,"event",564,124,45678,NA,3,6539,FALSE,"Syverson-Blois"
"TEMP2849",NA,28397,"bounds",184790,-75,45678,"younger age limits truncated at publication date (2025 CE)",3,6539,FALSE,"Syverson-Blois"
"TEMP2850",NA,28397,"event",125690,49290,45678,NA,3,6539,FALSE,"Syverson-Blois"
"TEMP2851",NA,28398,"bounds",504,-75,45678,"younger age limits truncated at publication date (2025 CE)",3,6539,FALSE,"Syverson-Blois"
"TEMP2852",NA,28398,"event",294,64,45678,NA,3,6539,FALSE,"Syverson-Blois"
"TEMP2853",NA,28399,"bounds",5214,4414,45678,NA,3,6539,FALSE,"Syverson-Blois"
"TEMP2854",NA,28399,"event",4944,4684,45678,NA,3,6539,FALSE,"Syverson-Blois"
"TEMP2855",NA,28442,"bounds",584,184,45678,NA,3,6539,FALSE,"Syverson-Blois"
"TEMP2856",NA,28442,"event",464,324,45678,NA,3,6539,FALSE,"Syverson-Blois"
"TEMP2857",NA,28443,"bounds",7844,84,45678,NA,3,6539,FALSE,"Syverson-Blois"
"TEMP2858",NA,28443,"event",5384,2534,45678,NA,3,6539,FALSE,"Syverson-Blois"
"TEMP2859",NA,28446,"bounds",514,-75,45678,"younger age limits truncated at publication date (2025 CE)",3,6539,FALSE,"Syverson-Blois"
"TEMP2860",NA,28446,"event",304,74,45678,NA,3,6539,FALSE,"Syverson-Blois"
"TEMP2861",NA,28449,"bounds",2954,1814,45683,NA,3,6539,FALSE,"Syverson-Blois"
"TEMP2862",NA,28449,"event",2714,2094,45683,NA,3,6539,FALSE,"Syverson-Blois"
"TEMP2863",NA,28453,"bounds",424,4,45678,NA,3,6539,FALSE,"Syverson-Blois"
"TEMP2864",NA,28453,"event",304,124,45678,NA,3,6539,FALSE,"Syverson-Blois"
"TEMP2865",NA,28458,"bounds",42234,14064,45683,NA,3,6539,FALSE,"Syverson-Blois"
"TEMP2866",NA,28458,"event",41204,15454,45683,NA,3,6539,FALSE,"Syverson-Blois"
"TEMP2867",NA,28465,"bounds",1524,504,45683,NA,3,6539,FALSE,"Syverson-Blois"
"TEMP2868",NA,28465,"event",1194,734,45683,NA,3,6539,FALSE,"Syverson-Blois"
"TEMP2869",NA,28467,"bounds",55300,23700,45678,NA,3,6539,FALSE,"Syverson-Blois"
"TEMP2870",NA,28467,"event",44600,33700,45678,NA,3,6539,FALSE,"Syverson-Blois"
"TEMP2871",NA,28508,"bounds",10814,8484,45678,NA,3,6539,FALSE,"Syverson-Blois"
"TEMP2872",NA,28508,"event",10194,9324,45678,NA,3,6539,FALSE,"Syverson-Blois"
"TEMP2873",NA,28546,"bounds",734,24,45683,NA,3,6539,FALSE,"Syverson-Blois"
"TEMP2874",NA,28546,"event",524,274,45683,NA,3,6539,FALSE,"Syverson-Blois"
"TEMP2875",NA,28667,"bounds",2994,24,45683,NA,3,6539,FALSE,"Syverson-Blois"
"TEMP2876",NA,28667,"event",2644,454,45683,NA,3,6539,FALSE,"Syverson-Blois"
"TEMP2877",NA,28669,"bounds",1364,434,45683,NA,3,6539,FALSE,"Syverson-Blois"
"TEMP2878",NA,28669,"event",1094,604,45683,NA,3,6539,FALSE,"Syverson-Blois"
"TEMP2879",NA,28712,"bounds",16254,13084,45678,NA,3,6539,FALSE,"Syverson-Blois"
"TEMP2880",NA,28712,"event",15174,14134,45678,NA,3,6539,FALSE,"Syverson-Blois"
"TEMP2881",NA,28713,"bounds",19784,14174,45678,NA,3,6539,FALSE,"Syverson-Blois"
"TEMP2882",NA,28713,"event",18004,16034,45678,NA,3,6539,FALSE,"Syverson-Blois"
"TEMP2883",NA,28715,"bounds",19814,17324,45678,NA,3,6539,FALSE,"Syverson-Blois"
"TEMP2884",NA,28715,"event",18964,18184,45678,NA,3,6539,FALSE,"Syverson-Blois"
"TEMP2885",NA,28716,"bounds",2384,1334,45678,NA,3,6539,FALSE,"Syverson-Blois"
"TEMP2886",NA,28716,"event",2024,1704,45678,NA,3,6539,FALSE,"Syverson-Blois"
"TEMP2887",NA,28719,"bounds",3194,2374,45678,NA,3,6539,FALSE,"Syverson-Blois"
"TEMP2888",NA,28719,"event",2904,2664,45678,NA,3,6539,FALSE,"Syverson-Blois"
"TEMP2889",NA,29686,"bounds",5804,3514,45678,NA,3,6539,FALSE,"Syverson-Blois"
"TEMP2890",NA,29686,"event",5084,4234,45678,NA,3,6539,FALSE,"Syverson-Blois"
"TEMP2891",NA,31851,"bounds",10804,1254,45683,NA,3,6539,FALSE,"Syverson-Blois"
"TEMP2892",NA,31851,"event",9624,3164,45683,NA,3,6539,FALSE,"Syverson-Blois"
"TEMP2893",NA,33310,"bounds",14084,-75,45678,"younger age limits truncated at publication date (2025 CE)",3,6539,FALSE,"Syverson-Blois"
"TEMP2894",NA,33310,"event",9614,4244,45678,NA,3,6539,FALSE,"Syverson-Blois"
"TEMP2895",NA,33311,"bounds",14654,284,45678,NA,3,6539,FALSE,"Syverson-Blois"
"TEMP2896",NA,33311,"event",10104,4814,45678,NA,3,6539,FALSE,"Syverson-Blois"
"TEMP2897",NA,33314,"bounds",15924,304,45678,NA,3,6539,FALSE,"Syverson-Blois"
"TEMP2898",NA,33314,"event",10974,5254,45678,NA,3,6539,FALSE,"Syverson-Blois"
"TEMP2899",NA,34082,"bounds",1694,314,45678,NA,3,6539,FALSE,"Syverson-Blois"
"TEMP2900",NA,34082,"event",1274,734,45678,NA,3,6539,FALSE,"Syverson-Blois"
"TEMP2901",NA,34084,"bounds",944,494,45678,NA,3,6539,FALSE,"Syverson-Blois"
"TEMP2902",NA,34084,"event",784,654,45678,NA,3,6539,FALSE,"Syverson-Blois"
"TEMP2903",NA,35065,"bounds",1142,754,45678,NA,3,6539,FALSE,"Syverson-Blois"
"TEMP2904",NA,35065,"event",1002,884,45678,NA,3,6539,FALSE,"Syverson-Blois"
"TEMP2905",NA,35068,"bounds",6604,5844,45678,NA,3,6539,FALSE,"Syverson-Blois"
"TEMP2906",NA,35068,"event",6344,6074,45678,NA,3,6539,FALSE,"Syverson-Blois"
"TEMP2907",NA,35331,"bounds",4424,3634,45678,NA,3,6539,FALSE,"Syverson-Blois"
"TEMP2908",NA,35331,"event",4154,3914,45678,NA,3,6539,FALSE,"Syverson-Blois"
"TEMP2909",NA,35334,"bounds",1884,944,45683,NA,3,6539,FALSE,"Syverson-Blois"
"TEMP2910",NA,35334,"event",1564,1244,45683,NA,3,6539,FALSE,"Syverson-Blois"
"TEMP2911",NA,35335,"bounds",2784,-75,45678,"younger age limits truncated at publication date (2025 CE)",3,6539,FALSE,"Syverson-Blois"
"TEMP2912",NA,35335,"event",1624,394,45678,NA,3,6539,FALSE,"Syverson-Blois"
"TEMP2913",NA,35336,"bounds",1714,-75,45683,"younger age limits truncated at publication date (2025 CE)",3,6539,FALSE,"Syverson-Blois"
"TEMP2914",NA,35336,"event",1404,164,45683,NA,3,6539,FALSE,"Syverson-Blois"
"TEMP2915",NA,35348,"bounds",42254,16274,45678,NA,3,6539,FALSE,"Syverson-Blois"
"TEMP2916",NA,35348,"event",34354,24214,45678,NA,3,6539,FALSE,"Syverson-Blois"
"TEMP2917",NA,35355,"bounds",17924,12064,45683,NA,3,6539,FALSE,"Syverson-Blois"
"TEMP2918",NA,35355,"event",16244,13154,45683,NA,3,6539,FALSE,"Syverson-Blois"
"TEMP2919",NA,35373,"bounds",16454,10584,45683,NA,3,6539,FALSE,"Syverson-Blois"
"TEMP2920",NA,35373,"event",14674,12364,45683,NA,3,6539,FALSE,"Syverson-Blois"
"TEMP2921",NA,35375,"bounds",12154,11024,45678,NA,3,6539,FALSE,"Syverson-Blois"
"TEMP2922",NA,35375,"event",11784,11394,45678,NA,3,6539,FALSE,"Syverson-Blois"
"TEMP2923",NA,35377,"bounds",51000,14500,45678,NA,3,6539,FALSE,"Syverson-Blois"
"TEMP2924",NA,35377,"event",39600,25700,45678,NA,3,6539,FALSE,"Syverson-Blois"
"TEMP2925",NA,35450,"bounds",6734,5924,45678,NA,3,6539,FALSE,"Syverson-Blois"
"TEMP2926",NA,35450,"event",6444,6214,45678,NA,3,6539,FALSE,"Syverson-Blois"
"TEMP2927",NA,39736,"bounds",28000,3254,45683,NA,3,6539,FALSE,"Syverson-Blois"
"TEMP2928",NA,39736,"event",28000,3904,45683,NA,3,6539,FALSE,"Syverson-Blois"
"TEMP2929",NA,40078,"bounds",25764,-75,45678,"younger age limits truncated at publication date (2025 CE)",3,6539,FALSE,"Syverson-Blois"
"TEMP2930",NA,40078,"event",17364,4894,45678,NA,3,6539,FALSE,"Syverson-Blois"
"TEMP2931",NA,40082,"bounds",4794,2824,45678,NA,3,6539,FALSE,"Syverson-Blois"
"TEMP2932",NA,40082,"event",4184,3434,45678,NA,3,6539,FALSE,"Syverson-Blois"
"TEMP2933",NA,40097,"bounds",10614,7364,45683,NA,3,6539,FALSE,"Syverson-Blois"
"TEMP2934",NA,40097,"event",9714,7534,45683,NA,3,6539,FALSE,"Syverson-Blois"
"TEMP2935",NA,40104,"bounds",11454,1254,45678,NA,3,6539,FALSE,"Syverson-Blois"
"TEMP2936",NA,40104,"event",8254,4424,45678,NA,3,6539,FALSE,"Syverson-Blois"
"TEMP2937",NA,40117,"bounds",23724,22534,45678,NA,3,6539,FALSE,"Syverson-Blois"
"TEMP2938",NA,40117,"event",23304,22944,45678,NA,3,6539,FALSE,"Syverson-Blois"
"TEMP2939",NA,40571,"bounds",9634,-66,45683,NA,3,6539,FALSE,"Syverson-Blois"
"TEMP2940",NA,40571,"event",8674,0,45683,NA,3,6539,FALSE,"Syverson-Blois"
"TEMP2941",NA,41331,"bounds",14690,-75,45683,"younger age limits truncated at publication date (2025 CE)",3,6539,FALSE,"Syverson-Blois"
"TEMP2942",NA,41331,"event",14690,0,45683,NA,3,6539,FALSE,"Syverson-Blois"
"TEMP2943",NA,41509,"bounds",50000,28027,45683,NA,3,6539,FALSE,"Syverson-Blois"
"TEMP2944",NA,41509,"event",50000,29794,45683,NA,3,6539,FALSE,"Syverson-Blois"
"TEMP2945",NA,41641,"bounds",55500,3400,45683,NA,3,6539,FALSE,"Syverson-Blois"
"TEMP2946",NA,41641,"event",49500,5200,45683,NA,3,6539,FALSE,"Syverson-Blois"
"TEMP2947",NA,41922,"bounds",55100,18900,45678,NA,3,6539,FALSE,"Syverson-Blois"
"TEMP2948",NA,41922,"event",43600,29900,45678,NA,3,6539,FALSE,"Syverson-Blois"
"TEMP2949",NA,42137,"bounds",8044,-26,45678,NA,3,6539,FALSE,"Syverson-Blois"
"TEMP2950",NA,42137,"event",5524,2514,45678,NA,3,6539,FALSE,"Syverson-Blois"
"TEMP2951",NA,42143,"bounds",4534,464,45683,NA,3,6539,FALSE,"Syverson-Blois"
"TEMP2952",NA,42143,"event",4064,754,45683,NA,3,6539,FALSE,"Syverson-Blois"
"TEMP2953",NA,42144,"bounds",28734,1574,45683,NA,3,6539,FALSE,"Syverson-Blois"
"TEMP2954",NA,42144,"event",28254,5244,45683,NA,3,6539,FALSE,"Syverson-Blois"
"TEMP2955",NA,42146,"bounds",604,-26,45683,NA,3,6539,FALSE,"Syverson-Blois"
"TEMP2956",NA,42146,"event",454,74,45683,NA,3,6539,FALSE,"Syverson-Blois"
"TEMP2957",NA,42149,"bounds",654,504,45683,NA,3,6539,FALSE,"Syverson-Blois"
"TEMP2958",NA,42149,"event",594,534,45683,NA,3,6539,FALSE,"Syverson-Blois"
"TEMP2959",NA,42151,"bounds",1564,744,45683,NA,3,6539,FALSE,"Syverson-Blois"
"TEMP2960",NA,42151,"event",1284,1024,45683,NA,3,6539,FALSE,"Syverson-Blois"
"TEMP2961",NA,42177,"bounds",2394,1724,45678,NA,3,6539,FALSE,"Syverson-Blois"
"TEMP2962",NA,42177,"event",2184,1934,45678,NA,3,6539,FALSE,"Syverson-Blois"
"TEMP2963",NA,42429,"bounds",36264,13444,45683,NA,3,6539,FALSE,"Syverson-Blois"
"TEMP2964",NA,42429,"event",36024,13927,45683,NA,3,6539,FALSE,"Syverson-Blois"
"TEMP2965",NA,42434,"bounds",46700,200,45678,NA,3,6539,FALSE,"Syverson-Blois"
"TEMP2966",NA,42434,"event",32000,14700,45678,NA,3,6539,FALSE,"Syverson-Blois"
"TEMP2967",NA,42591,"bounds",2334,604,45683,NA,3,6539,FALSE,"Syverson-Blois"
"TEMP2968",NA,42591,"event",2254,814,45683,NA,3,6539,FALSE,"Syverson-Blois"
"TEMP2969",NA,42599,"bounds",36414,27114,45678,NA,3,6539,FALSE,"Syverson-Blois"
"TEMP2970",NA,42599,"event",33464,30064,45678,NA,3,6539,FALSE,"Syverson-Blois"
"TEMP2971",NA,42706,"bounds",47500,34200,45678,NA,3,6539,FALSE,"Syverson-Blois"
"TEMP2972",NA,42706,"event",43300,38400,45678,NA,3,6539,FALSE,"Syverson-Blois"
"TEMP2973",NA,42708,"bounds",52700,29300,45678,NA,3,6539,FALSE,"Syverson-Blois"
"TEMP2974",NA,42708,"event",45100,36500,45678,NA,3,6539,FALSE,"Syverson-Blois"
"TEMP2975",NA,42710,"bounds",43200,13800,45678,NA,3,6539,FALSE,"Syverson-Blois"
"TEMP2976",NA,42710,"event",34200,23100,45678,NA,3,6539,FALSE,"Syverson-Blois"
"TEMP2977",NA,42711,"bounds",47400,-75,45678,"younger age limits truncated at publication date (2025 CE)",3,6539,FALSE,"Syverson-Blois"
"TEMP2978",NA,42711,"event",32100,14100,45678,NA,3,6539,FALSE,"Syverson-Blois"
"TEMP2979",NA,42712,"bounds",42200,-75,45678,"younger age limits truncated at publication date (2025 CE)",3,6539,FALSE,"Syverson-Blois"
"TEMP2980",NA,42712,"event",28400,12300,45678,NA,3,6539,FALSE,"Syverson-Blois"
"TEMP2981",NA,43127,"bounds",44900,1600,45769,NA,3,6539,FALSE,"Syverson-Blois"
"TEMP2982",NA,43127,"event",31200,15300,45769,NA,3,6539,FALSE,"Syverson-Blois"
"TEMP2983",NA,43347,"bounds",19044,16514,45769,NA,3,6539,FALSE,"Syverson-Blois"
"TEMP2984",NA,43347,"event",18314,17254,45769,NA,3,6539,FALSE,"Syverson-Blois"
"TEMP2985",NA,43578,"bounds",12374,114,45683,NA,3,6539,FALSE,"Syverson-Blois"
"TEMP2986",NA,43578,"event",11944,154,45683,NA,3,6539,FALSE,"Syverson-Blois"
"TEMP2987",NA,43580,"bounds",1014,744,45678,NA,3,6539,FALSE,"Syverson-Blois"
"TEMP2988",NA,43580,"event",934,844,45678,NA,3,6539,FALSE,"Syverson-Blois"
"TEMP2989",NA,43581,"bounds",13284,12854,45769,NA,3,6539,FALSE,"Syverson-Blois"
"TEMP2990",NA,43581,"event",13134,13004,45769,NA,3,6539,FALSE,"Syverson-Blois"
"TEMP2991",NA,43636,"bounds",10384,6874,45769,NA,3,6539,FALSE,"Syverson-Blois"
"TEMP2992",NA,43636,"event",10124,7094,45769,NA,3,6539,FALSE,"Syverson-Blois"
"TEMP2993",NA,43637,"bounds",14484,3464,45769,NA,3,6539,FALSE,"Syverson-Blois"
"TEMP2994",NA,43637,"event",13064,6804,45769,NA,3,6539,FALSE,"Syverson-Blois"
"TEMP2995",NA,43640,"bounds",14094,11684,45769,NA,3,6539,FALSE,"Syverson-Blois"
"TEMP2996",NA,43640,"event",13344,12434,45769,NA,3,6539,FALSE,"Syverson-Blois"
"TEMP2997",NA,43641,"bounds",14844,1734,45769,NA,3,6539,FALSE,"Syverson-Blois"
"TEMP2998",NA,43641,"event",10794,5764,45769,NA,3,6539,FALSE,"Syverson-Blois"
"TEMP2999",NA,43642,"bounds",15304,10544,45769,NA,3,6539,FALSE,"Syverson-Blois"
"TEMP3000",NA,43642,"event",13814,12064,45769,NA,3,6539,FALSE,"Syverson-Blois"
"TEMP3001",NA,43646,"bounds",19514,-66,45769,NA,3,6539,FALSE,"Syverson-Blois"
"TEMP3002",NA,43646,"event",18974,554,45769,NA,3,6539,FALSE,"Syverson-Blois"
"TEMP3003",NA,43647,"bounds",13904,114,45678,NA,3,6539,FALSE,"Syverson-Blois"
"TEMP3004",NA,43647,"event",9614,4394,45678,NA,3,6539,FALSE,"Syverson-Blois"
"TEMP3005",NA,43648,"bounds",9894,8354,45678,NA,3,6539,FALSE,"Syverson-Blois"
"TEMP3006",NA,43648,"event",9394,8864,45678,NA,3,6539,FALSE,"Syverson-Blois"
"TEMP3007",NA,43649,"bounds",15100,12400,45678,NA,3,6539,FALSE,"Syverson-Blois"
"TEMP3008",NA,43649,"event",14100,13200,45678,NA,3,6539,FALSE,"Syverson-Blois"
"TEMP3009",NA,43650,"bounds",17524,-75,45678,"younger age limits truncated at publication date (2025 CE)",3,6539,FALSE,"Syverson-Blois"
"TEMP3010",NA,43650,"event",11854,4594,45678,NA,3,6539,FALSE,"Syverson-Blois"
"TEMP3011",NA,43651,"bounds",48847,200,45683,NA,3,6539,FALSE,"Syverson-Blois"
"TEMP3012",NA,43651,"event",35812,600,45683,NA,3,6539,FALSE,"Syverson-Blois"
"TEMP3013",NA,44085,"bounds",32374,18044,45769,NA,3,6539,FALSE,"Syverson-Blois"
"TEMP3014",NA,44085,"event",28034,22404,45769,NA,3,6539,FALSE,"Syverson-Blois"
"TEMP3015",NA,44086,"bounds",64300,-75,45769,"younger age limits truncated at publication date (2025 CE)",3,6539,FALSE,"Syverson-Blois"
"TEMP3016",NA,44086,"event",40600,9000,45769,NA,3,6539,FALSE,"Syverson-Blois"
"TEMP3017",NA,44087,"bounds",7904,7264,45769,NA,3,6539,FALSE,"Syverson-Blois"
"TEMP3018",NA,44087,"event",7714,7434,45769,NA,3,6539,FALSE,"Syverson-Blois"
"TEMP3019",NA,44092,"bounds",55500,12300,45769,NA,3,6539,FALSE,"Syverson-Blois"
"TEMP3020",NA,44092,"event",50700,12800,45769,NA,3,6539,FALSE,"Syverson-Blois"
"TEMP3021",NA,44095,"bounds",57000,15600,45769,NA,3,6539,FALSE,"Syverson-Blois"
"TEMP3022",NA,44095,"event",52400,17300,45769,NA,3,6539,FALSE,"Syverson-Blois"
"TEMP3023",NA,44096,"bounds",27294,424,45769,NA,3,6539,FALSE,"Syverson-Blois"
"TEMP3024",NA,44096,"event",26474,604,45769,NA,3,6539,FALSE,"Syverson-Blois"
"TEMP3025",NA,44097,"bounds",16394,13434,45769,NA,3,6539,FALSE,"Syverson-Blois"
"TEMP3026",NA,44097,"event",15404,14404,45769,NA,3,6539,FALSE,"Syverson-Blois"
"TEMP3027",NA,44098,"bounds",22614,5254,45769,NA,3,6539,FALSE,"Syverson-Blois"
"TEMP3028",NA,44098,"event",17214,10704,45769,NA,3,6539,FALSE,"Syverson-Blois"
"TEMP3029",NA,44099,"bounds",16884,10744,45769,NA,3,6539,FALSE,"Syverson-Blois"
"TEMP3030",NA,44099,"event",14914,12714,45769,NA,3,6539,FALSE,"Syverson-Blois"
"TEMP3031",NA,44100,"bounds",15554,11174,45769,NA,3,6539,FALSE,"Syverson-Blois"
"TEMP3032",NA,44100,"event",14014,12714,45769,NA,3,6539,FALSE,"Syverson-Blois"
"TEMP3033",NA,44101,"bounds",13384,9764,45769,NA,3,6539,FALSE,"Syverson-Blois"
"TEMP3034",NA,44101,"event",12094,10824,45769,NA,3,6539,FALSE,"Syverson-Blois"
"TEMP3035",NA,44102,"bounds",11554,9434,45769,NA,3,6539,FALSE,"Syverson-Blois"
"TEMP3036",NA,44102,"event",10824,10164,45769,NA,3,6539,FALSE,"Syverson-Blois"
"TEMP3037",NA,44103,"bounds",57600,-75,45769,"younger age limits truncated at publication date (2025 CE)",3,6539,FALSE,"Syverson-Blois"
"TEMP3038",NA,44103,"event",44700,300,45769,NA,3,6539,FALSE,"Syverson-Blois"
"TEMP3039",NA,44104,"bounds",25634,17414,45769,NA,3,6539,FALSE,"Syverson-Blois"
"TEMP3040",NA,44104,"event",23694,18974,45769,NA,3,6539,FALSE,"Syverson-Blois"
"TEMP3041",NA,44105,"bounds",20844,15754,45769,NA,3,6539,FALSE,"Syverson-Blois"
"TEMP3042",NA,44105,"event",19104,17474,45769,NA,3,6539,FALSE,"Syverson-Blois"
"TEMP3043",NA,44106,"bounds",16514,624,45769,NA,3,6539,FALSE,"Syverson-Blois"
"TEMP3044",NA,44106,"event",15264,1264,45769,NA,3,6539,FALSE,"Syverson-Blois"
"TEMP3045",NA,44107,"bounds",6284,3194,45769,NA,3,6539,FALSE,"Syverson-Blois"
"TEMP3046",NA,44107,"event",5924,3594,45769,NA,3,6539,FALSE,"Syverson-Blois"
"TEMP3047",NA,44444,"bounds",9784,344,45769,NA,3,6539,FALSE,"Syverson-Blois"
"TEMP3048",NA,44444,"event",9004,614,45769,NA,3,6539,FALSE,"Syverson-Blois"
"TEMP3049",NA,44445,"bounds",55400,9700,45769,NA,3,6539,FALSE,"Syverson-Blois"
"TEMP3050",NA,44445,"event",50100,10000,45769,NA,3,6539,FALSE,"Syverson-Blois"
"TEMP3051",NA,44451,"bounds",18634,9164,45678,NA,3,6539,FALSE,"Syverson-Blois"
"TEMP3052",NA,44451,"event",15444,12334,45678,NA,3,6539,FALSE,"Syverson-Blois"
"TEMP3053",NA,44452,"bounds",2894,2444,45678,NA,3,6539,FALSE,"Syverson-Blois"
"TEMP3054",NA,44452,"event",2754,2584,45678,NA,3,6539,FALSE,"Syverson-Blois"
"TEMP3055",NA,44453,"bounds",1104,824,45678,NA,3,6539,FALSE,"Syverson-Blois"
"TEMP3056",NA,44453,"event",1024,914,45678,NA,3,6539,FALSE,"Syverson-Blois"
"TEMP3057",NA,44454,"bounds",894,764,45678,NA,3,6539,FALSE,"Syverson-Blois"
"TEMP3058",NA,44454,"event",864,794,45678,NA,3,6539,FALSE,"Syverson-Blois"
"TEMP3059",NA,44455,"bounds",1064,474,45678,NA,3,6539,FALSE,"Syverson-Blois"
"TEMP3060",NA,44455,"event",864,674,45678,NA,3,6539,FALSE,"Syverson-Blois"
"TEMP3061",NA,44456,"bounds",674,124,45678,NA,3,6539,FALSE,"Syverson-Blois"
"TEMP3062",NA,44456,"event",504,304,45678,NA,3,6539,FALSE,"Syverson-Blois"
"TEMP3063",NA,44457,"bounds",3024,1244,45678,NA,3,6539,FALSE,"Syverson-Blois"
"TEMP3064",NA,44457,"event",2464,1804,45678,NA,3,6539,FALSE,"Syverson-Blois"
"TEMP3065",NA,44459,"bounds",5674,304,45678,NA,3,6539,FALSE,"Syverson-Blois"
"TEMP3066",NA,44459,"event",3994,1984,45678,NA,3,6539,FALSE,"Syverson-Blois"
"TEMP3067",NA,44460,"bounds",1664,74,45678,NA,3,6539,FALSE,"Syverson-Blois"
"TEMP3068",NA,44460,"event",1184,564,45678,NA,3,6539,FALSE,"Syverson-Blois"
"TEMP3069",NA,44461,"bounds",6234,44,45683,NA,3,6539,FALSE,"Syverson-Blois"
"TEMP3070",NA,44461,"event",5304,604,45683,NA,3,6539,FALSE,"Syverson-Blois"
"TEMP3071",NA,44480,"bounds",20174,-75,45683,"younger age limits truncated at publication date (2025 CE)",3,6539,FALSE,"Syverson-Blois"
"TEMP3072",NA,44480,"event",13824,234,45683,NA,3,6539,FALSE,"Syverson-Blois"
"TEMP3073",NA,44550,"bounds",2394,1224,45678,NA,3,6539,FALSE,"Syverson-Blois"
"TEMP3074",NA,44550,"event",1994,1624,45678,NA,3,6539,FALSE,"Syverson-Blois"
"TEMP3075",NA,44557,"bounds",3324,-75,45769,"younger age limits truncated at publication date (2025 CE)",3,6539,FALSE,"Syverson-Blois"
"TEMP3076",NA,44557,"event",2804,54,45769,NA,3,6539,FALSE,"Syverson-Blois"
"TEMP3077",NA,44558,"bounds",6334,5844,45678,NA,3,6539,FALSE,"Syverson-Blois"
"TEMP3078",NA,44558,"event",6174,6014,45678,NA,3,6539,FALSE,"Syverson-Blois"
"TEMP3079",NA,44559,"bounds",4244,3774,45678,NA,3,6539,FALSE,"Syverson-Blois"
"TEMP3080",NA,44559,"event",4084,3934,45678,NA,3,6539,FALSE,"Syverson-Blois"
"TEMP3081",NA,44561,"bounds",11594,4,45678,NA,3,6539,FALSE,"Syverson-Blois"
"TEMP3082",NA,44561,"event",8054,3544,45678,NA,3,6539,FALSE,"Syverson-Blois"
"TEMP3083",NA,44562,"bounds",8134,574,45678,NA,3,6539,FALSE,"Syverson-Blois"
"TEMP3084",NA,44562,"event",5834,2864,45678,NA,3,6539,FALSE,"Syverson-Blois"
"TEMP3085",NA,44563,"bounds",49900,24300,45678,NA,3,6539,FALSE,"Syverson-Blois"
"TEMP3086",NA,44563,"event",42200,32100,45678,NA,3,6539,FALSE,"Syverson-Blois"
"TEMP3087",NA,44576,"bounds",5734,-36,45678,NA,3,6539,FALSE,"Syverson-Blois"
"TEMP3088",NA,44576,"event",3984,1704,45678,NA,3,6539,FALSE,"Syverson-Blois"
"TEMP3089",NA,44578,"bounds",27944,13114,45678,NA,3,6539,FALSE,"Syverson-Blois"
"TEMP3090",NA,44578,"event",23454,17614,45678,NA,3,6539,FALSE,"Syverson-Blois"
"TEMP3091",NA,44579,"bounds",7404,-75,45683,"younger age limits truncated at publication date (2025 CE)",3,6539,FALSE,"Syverson-Blois"
"TEMP3092",NA,44579,"event",7024,594,45683,NA,3,6539,FALSE,"Syverson-Blois"
"TEMP3093",NA,44583,"bounds",16204,15514,45769,NA,3,6539,FALSE,"Syverson-Blois"
"TEMP3094",NA,44583,"event",15974,15754,45769,NA,3,6539,FALSE,"Syverson-Blois"
"TEMP3095",NA,44627,"bounds",12044,-75,45769,"younger age limits truncated at publication date (2025 CE)",3,6539,FALSE,"Syverson-Blois"
"TEMP3096",NA,44627,"event",7894,2784,45769,NA,3,6539,FALSE,"Syverson-Blois"
"TEMP3097",NA,44636,"bounds",6424,5294,45769,NA,3,6539,FALSE,"Syverson-Blois"
"TEMP3098",NA,44636,"event",6034,5614,45769,NA,3,6539,FALSE,"Syverson-Blois"
"TEMP3099",NA,44640,"bounds",9624,4224,45769,NA,3,6539,FALSE,"Syverson-Blois"
"TEMP3100",NA,44640,"event",7924,5924,45769,NA,3,6539,FALSE,"Syverson-Blois"
"TEMP3101",NA,44779,"bounds",10494,9814,45769,NA,3,6539,FALSE,"Syverson-Blois"
"TEMP3102",NA,44779,"event",10264,10044,45769,NA,3,6539,FALSE,"Syverson-Blois"
"TEMP3103",NA,44782,"bounds",17324,13154,45769,NA,3,6539,FALSE,"Syverson-Blois"
"TEMP3104",NA,44782,"event",16494,13424,45769,NA,3,6539,FALSE,"Syverson-Blois"
"TEMP3105",NA,45058,"bounds",40900,19900,45769,NA,3,6539,FALSE,"Syverson-Blois"
"TEMP3106",NA,45058,"event",34600,26200,45769,NA,3,6539,FALSE,"Syverson-Blois"
